project_id,month,snapshot_date,physical_progress_pct,financial_progress_pct,cumulative_expenditure,revised_cost,cost_overrun_to_date_pct,revised_end_date,completion_date,schedule_slip_months
PRJ-0001,Feb,2026-02-15,30.68,30.71,957.93,4240.27,35.93,2032-01-18,,26.09
PRJ-0001,March,2026-03-15,61.37,67.1,2093.1,4214.75,35.12,2031-04-18,,17.11
PRJ-0001,April,2026-04-15,86.52,86.3,2691.91,4123.63,32.2,2030-12-18,,12.54
PRJ-0001,May,2026-05-15,86.52,88.25,2752.69,3970.2,27.28,2030-08-18,,9.46
PRJ-0001,June,2026-06-15,86.52,90.87,2834.42,4533.63,45.34,2031-05-18,,18.22
PRJ-0001,July,2026-07-15,86.52,88.34,2755.64,3087.56,-1.02,2029-12-18,,0.64
PRJ-0002,Feb,2026-02-15,9.18,7.0,54.5,981.32,26.07,2032-09-20,,24.86
PRJ-0002,March,2026-03-15,18.35,16.11,125.41,984.67,26.5,2032-04-20,,20.0
PRJ-0002,April,2026-04-15,27.53,26.34,205.0,925.24,18.86,2031-11-20,,15.5
PRJ-0002,May,2026-05-15,36.7,39.86,310.3,907.68,16.61,2031-10-20,,14.1
PRJ-0002,June,2026-06-15,45.88,43.12,335.66,1263.2,62.28,2033-02-20,,30.09
PRJ-0002,July,2026-07-15,55.05,51.17,398.31,685.73,-11.9,2030-08-20,,0.0
PRJ-0003,Feb,2026-02-15,23.14,19.38,428.31,2882.76,30.42,2030-11-24,,18.97
PRJ-0003,March,2026-03-15,46.28,40.02,884.59,2885.02,30.52,2030-10-24,,18.4
PRJ-0003,April,2026-04-15,50.8,55.39,1224.34,2817.56,27.47,2030-03-24,,10.73
PRJ-0003,May,2026-05-15,50.8,44.05,973.75,2780.24,25.78,2030-05-24,,13.28
PRJ-0003,June,2026-06-15,50.8,50.08,1107.01,3103.8,40.42,2030-12-24,,19.55
PRJ-0003,July,2026-07-15,50.8,51.61,1140.84,2533.48,14.62,2030-01-24,,9.0
PRJ-0004,Feb,2026-02-15,12.09,7.97,210.34,3110.63,17.79,2035-05-20,,14.29
PRJ-0004,March,2026-03-15,24.19,23.91,631.28,3070.91,16.29,2035-06-20,,15.47
PRJ-0004,April,2026-04-15,36.28,33.22,877.26,3073.73,16.4,2035-06-20,,15.19
PRJ-0004,May,2026-05-15,48.38,47.74,1260.63,3048.43,15.44,2035-01-20,,10.29
PRJ-0004,June,2026-06-15,60.47,61.22,1616.73,3772.52,42.86,2035-08-20,,16.85
PRJ-0004,July,2026-07-15,67.69,68.73,1815.08,2600.37,-1.53,2034-05-20,,1.54
PRJ-0005,Feb,2026-02-15,7.9,3.61,76.68,2426.18,14.31,2036-05-19,,17.49
PRJ-0005,March,2026-03-15,15.8,11.1,235.51,2465.45,16.16,2036-02-19,,14.09
PRJ-0005,April,2026-04-15,23.7,30.15,639.88,2355.72,10.99,2035-11-19,,10.56
PRJ-0005,May,2026-05-15,31.61,38.89,825.42,2295.41,8.15,2035-08-19,,7.76
PRJ-0005,June,2026-06-15,39.51,37.81,802.53,2536.48,19.51,2036-01-19,,13.05
PRJ-0005,July,2026-07-15,47.41,48.37,1026.71,2010.38,-5.28,2035-01-19,,0.91
PRJ-0006,Feb,2026-02-15,20.34,22.49,459.94,2846.88,39.2,2037-02-08,,21.21
PRJ-0006,March,2026-03-15,40.67,34.98,715.38,2838.1,38.77,2037-03-08,,21.58
PRJ-0006,April,2026-04-15,61.01,55.88,1142.85,2731.29,33.54,2036-11-08,,17.85
PRJ-0006,May,2026-05-15,78.02,75.56,1545.48,2722.57,33.12,2036-10-08,,17.13
PRJ-0006,June,2026-06-15,78.02,78.15,1598.33,3365.98,64.58,2037-07-08,,25.78
PRJ-0006,July,2026-07-15,78.02,79.91,1634.25,2082.62,1.83,2035-07-08,,2.21
PRJ-0007,Feb,2026-02-15,17.42,16.66,84.97,518.42,1.67,2036-03-26,,8.27
PRJ-0007,March,2026-03-15,34.85,36.95,188.39,517.84,1.55,2035-12-26,,5.37
PRJ-0007,April,2026-04-15,52.27,60.48,308.41,509.79,-0.03,2036-01-26,,6.06
PRJ-0007,May,2026-05-15,69.7,69.13,352.49,497.09,-2.52,2035-11-26,,3.99
PRJ-0007,June,2026-06-15,87.12,87.78,447.59,611.56,19.93,2036-03-26,,7.74
PRJ-0007,July,2026-07-15,97.68,96.98,494.54,422.2,-17.2,2035-07-26,,0.0
PRJ-0008,Feb,2026-02-15,5.04,1.43,14.77,1166.93,12.84,2031-09-25,,15.2
PRJ-0008,March,2026-03-15,10.07,3.25,33.63,1160.81,12.25,2031-06-25,,11.85
PRJ-0008,April,2026-04-15,15.11,13.02,134.66,1159.81,12.15,2031-03-25,,9.31
PRJ-0008,May,2026-05-15,20.15,21.24,219.65,1157.33,11.91,2031-06-25,,12.32
PRJ-0008,June,2026-06-15,25.19,28.53,295.05,1266.51,22.47,2031-12-25,,17.54
PRJ-0008,July,2026-07-15,30.22,31.91,329.95,1069.81,3.45,2031-04-25,,10.36
PRJ-0009,Feb,2026-02-15,79.46,76.15,4412.62,7024.67,21.23,2027-01-07,,8.33
PRJ-0009,March,2026-03-15,84.67,80.81,4682.66,6897.22,19.03,2026-12-07,,6.67
PRJ-0009,April,2026-04-15,82.72,87.17,5051.01,6951.46,19.96,2027-02-07,,8.57
PRJ-0009,May,2026-05-15,94.5,94.28,5462.9,6695.03,15.54,2027-01-07,,8.2
PRJ-0009,June,2026-06-15,100.0,100.0,8050.68,8050.68,38.93,2026-06-10,2026-06-10,1.12
PRJ-0009,July,2026-07-15,100.0,100.0,5619.41,5619.41,-3.02,2026-06-10,2026-06-10,1.12
PRJ-0010,Feb,2026-02-15,0.21,0.0,0.0,1995.33,42.12,2033-06-25,,23.72
PRJ-0010,March,2026-03-15,0.42,6.26,87.96,1901.66,35.44,2033-07-25,,24.92
PRJ-0010,April,2026-04-15,0.63,0.0,0.0,1860.37,32.5,2033-03-25,,21.06
PRJ-0010,May,2026-05-15,0.84,1.07,15.07,1789.12,27.43,2033-05-25,,22.6
PRJ-0010,June,2026-06-15,1.05,2.16,30.37,2587.98,84.33,2034-12-25,,41.7
PRJ-0010,July,2026-07-15,1.12,4.35,61.06,1200.09,-14.52,2031-10-25,,3.54
PRJ-0011,Feb,2026-02-15,40.17,38.69,751.12,2232.56,14.99,2032-12-01,,10.64
PRJ-0011,March,2026-03-15,78.49,77.3,1500.76,2180.02,12.28,2032-06-01,,4.85
PRJ-0011,April,2026-04-15,78.49,85.64,1662.64,2198.68,13.24,2032-10-01,,9.49
PRJ-0011,May,2026-05-15,78.49,81.91,1590.4,2053.32,5.76,2032-07-01,,5.87
PRJ-0011,June,2026-06-15,78.49,83.49,1621.05,2548.53,31.26,2033-04-01,,14.79
PRJ-0011,July,2026-07-15,78.49,81.04,1573.46,1743.53,-10.2,2032-01-01,,0.0
PRJ-0012,Feb,2026-02-15,20.61,20.66,463.63,2566.8,14.38,2031-10-21,,14.96
PRJ-0012,March,2026-03-15,41.22,42.81,960.73,2476.55,10.35,2031-06-21,,10.8
PRJ-0012,April,2026-04-15,61.83,61.63,1383.05,2440.41,8.74,2031-02-21,,7.48
PRJ-0012,May,2026-05-15,82.44,86.02,1930.46,2508.16,11.76,2031-01-21,,6.25
PRJ-0012,June,2026-06-15,87.08,87.26,1958.21,2790.05,24.32,2031-05-21,,9.66
PRJ-0012,July,2026-07-15,87.08,86.48,1940.68,2146.11,-4.37,2030-07-21,,0.0
PRJ-0013,Feb,2026-02-15,72.38,71.57,469.26,878.74,34.03,2027-06-30,,14.07
PRJ-0013,March,2026-03-15,78.64,76.62,502.38,861.72,31.43,2027-04-30,,12.31
PRJ-0013,April,2026-04-15,85.77,84.16,551.77,844.74,28.84,2027-04-30,,12.29
PRJ-0013,May,2026-05-15,90.76,86.2,565.15,826.58,26.07,2027-01-30,,9.27
PRJ-0013,June,2026-06-15,100.0,100.0,994.61,994.61,51.7,2026-06-05,2026-06-05,1.18
PRJ-0013,July,2026-07-15,100.0,100.0,622.67,622.67,-5.03,2026-06-05,2026-06-05,1.18
PRJ-0014,Feb,2026-02-15,11.47,6.96,67.42,1154.02,19.12,2036-07-03,,16.55
PRJ-0014,March,2026-03-15,22.94,19.36,187.6,1069.79,10.42,2036-02-03,,12.24
PRJ-0014,April,2026-04-15,34.41,41.76,404.59,1049.21,8.3,2035-12-03,,10.1
PRJ-0014,May,2026-05-15,45.17,45.31,438.99,968.84,0.0,2035-12-03,,10.09
PRJ-0014,June,2026-06-15,45.17,45.69,442.69,1289.12,33.06,2036-09-03,,18.88
PRJ-0014,July,2026-07-15,45.17,48.58,470.6,663.74,-31.49,2035-02-03,,0.0
PRJ-0015,Feb,2026-02-15,3.4,0.0,0.0,1669.43,39.54,2036-04-11,,26.77
PRJ-0015,March,2026-03-15,6.79,1.02,12.21,1596.06,33.41,2035-12-11,,22.76
PRJ-0015,April,2026-04-15,10.19,7.41,88.66,1565.0,30.81,2035-12-11,,23.22
PRJ-0015,May,2026-05-15,13.58,11.95,142.99,1445.95,20.86,2035-06-11,,16.5
PRJ-0015,June,2026-06-15,13.77,14.89,178.11,1914.92,60.06,2036-06-11,,29.35
PRJ-0015,July,2026-07-15,13.77,14.02,167.78,1112.12,-7.04,2034-05-11,,4.1
PRJ-0016,Feb,2026-02-15,11.38,12.53,1173.96,9194.41,-1.85,2032-04-03,,12.48
PRJ-0016,March,2026-03-15,22.75,12.75,1193.99,9113.91,-2.71,2031-09-03,,4.91
PRJ-0016,April,2026-04-15,34.13,31.9,2988.11,8862.62,-5.39,2031-09-03,,5.2
PRJ-0016,May,2026-05-15,45.51,44.26,4145.99,8764.93,-6.43,2031-10-03,,6.39
PRJ-0016,June,2026-06-15,56.88,53.43,5005.38,11035.62,17.81,2032-04-03,,12.36
PRJ-0016,July,2026-07-15,68.26,69.82,6540.22,7044.5,-24.8,2031-04-03,,0.0
PRJ-0017,Feb,2026-02-15,1.09,3.21,21.02,733.04,11.84,2037-08-21,,18.74
PRJ-0017,March,2026-03-15,2.18,0.91,5.95,693.52,5.81,2037-01-21,,12.04
PRJ-0017,April,2026-04-15,3.27,0.98,6.45,707.27,7.91,2037-03-21,,14.04
PRJ-0017,May,2026-05-15,1.96,1.28,8.41,708.48,8.1,2037-04-21,,15.43
PRJ-0017,June,2026-06-15,5.45,5.75,37.71,922.61,40.77,2038-03-21,,25.63
PRJ-0017,July,2026-07-15,6.54,11.2,73.41,573.72,-12.47,2036-11-21,,10.15
PRJ-0018,Feb,2026-02-15,6.59,11.39,54.36,567.22,18.85,2030-05-11,,18.38
PRJ-0018,March,2026-03-15,13.18,14.52,69.3,551.46,15.55,2029-09-11,,10.0
PRJ-0018,April,2026-04-15,19.76,5.17,24.67,545.41,14.28,2029-10-11,,11.18
PRJ-0018,May,2026-05-15,20.3,22.21,106.0,538.49,12.83,2029-11-11,,11.73
PRJ-0018,June,2026-06-15,20.3,25.78,123.05,644.32,35.0,2030-08-11,,20.85
PRJ-0018,July,2026-07-15,20.3,20.29,96.85,459.66,-3.69,2029-08-11,,9.09
PRJ-0019,Feb,2026-02-15,11.5,11.64,60.74,681.89,30.69,2030-10-16,,20.8
PRJ-0019,March,2026-03-15,23.01,23.9,124.69,669.34,28.29,2030-09-16,,20.37
PRJ-0019,April,2026-04-15,34.51,30.34,158.31,655.52,25.64,2030-08-16,,19.04
PRJ-0019,May,2026-05-15,46.01,40.34,210.5,654.59,25.46,2030-05-16,,16.28
PRJ-0019,June,2026-06-15,57.51,51.39,268.14,731.07,40.12,2030-09-16,,19.6
PRJ-0019,July,2026-07-15,69.02,70.52,367.92,603.11,15.59,2029-11-16,,10.44
PRJ-0020,Feb,2026-02-15,33.38,34.79,709.02,2626.21,28.86,2037-10-11,,19.63
PRJ-0020,March,2026-03-15,66.76,67.28,1371.2,2630.05,29.05,2037-06-11,,15.8
PRJ-0020,April,2026-04-15,83.02,80.11,1632.61,2602.15,27.68,2037-01-11,,10.9
PRJ-0020,May,2026-05-15,83.02,83.04,1692.3,2594.13,27.29,2037-02-11,,12.27
PRJ-0020,June,2026-06-15,83.02,81.53,1661.5,2902.61,42.42,2037-08-11,,18.4
PRJ-0020,July,2026-07-15,83.02,78.09,1591.4,2353.64,15.49,2036-12-11,,10.34
PRJ-0021,Feb,2026-02-15,23.09,24.35,123.84,613.03,20.54,2037-02-25,,17.24
PRJ-0021,March,2026-03-15,46.18,37.74,191.95,595.67,17.13,2036-09-25,,11.73
PRJ-0021,April,2026-04-15,69.26,69.41,352.98,553.12,8.76,2036-04-25,,6.75
PRJ-0021,May,2026-05-15,81.29,86.04,437.58,560.69,10.25,2036-03-25,,6.24
PRJ-0021,June,2026-06-15,81.29,83.23,423.29,661.42,30.06,2036-09-25,,11.71
PRJ-0021,July,2026-07-15,81.29,85.24,433.48,436.79,-14.11,2035-09-25,,0.0
PRJ-0022,Feb,2026-02-15,10.15,12.32,66.17,598.12,11.41,2031-05-13,,12.86
PRJ-0022,March,2026-03-15,20.31,15.34,82.36,599.05,11.59,2031-05-13,,13.21
PRJ-0022,April,2026-04-15,30.46,40.24,216.05,589.47,9.8,2031-01-13,,9.02
PRJ-0022,May,2026-05-15,40.62,41.22,221.28,589.82,9.87,2031-03-13,,11.4
PRJ-0022,June,2026-06-15,50.77,52.55,282.12,727.73,35.55,2031-10-13,,18.04
PRJ-0022,July,2026-07-15,60.93,59.1,317.29,505.22,-5.89,2030-09-13,,4.89
PRJ-0023,Feb,2026-02-15,16.95,13.3,66.55,539.01,7.71,2034-04-20,,13.12
PRJ-0023,March,2026-03-15,33.9,45.14,225.87,548.86,9.68,2034-01-20,,10.15
PRJ-0023,April,2026-04-15,50.85,51.83,259.34,538.06,7.52,2033-11-20,,8.23
PRJ-0023,May,2026-05-15,67.8,68.05,340.52,518.9,3.7,2033-08-20,,5.38
PRJ-0023,June,2026-06-15,84.75,79.16,396.12,677.32,35.35,2034-02-20,,11.12
PRJ-0023,July,2026-07-15,91.24,90.14,451.06,404.92,-19.08,2033-03-20,,0.0
PRJ-0024,Feb,2026-02-15,65.0,68.36,3033.51,5582.52,25.8,2027-11-03,,16.21
PRJ-0024,March,2026-03-15,74.31,69.7,3093.09,5394.85,21.57,2027-05-03,,10.15
PRJ-0024,April,2026-04-15,86.33,86.64,3844.71,5321.53,19.92,2027-06-03,,10.88
PRJ-0024,May,2026-05-15,88.52,89.93,3990.59,5229.04,17.84,2027-01-03,,5.64
PRJ-0024,June,2026-06-15,90.96,90.97,4036.94,6351.79,43.14,2027-10-03,,14.68
PRJ-0024,July,2026-07-15,100.0,100.0,4399.89,4399.89,-0.85,2026-07-21,2026-07-21,0.59
PRJ-0025,Feb,2026-02-15,2.09,7.62,539.12,8677.53,22.68,2030-03-25,,19.36
PRJ-0025,March,2026-03-15,4.19,4.44,313.81,8742.2,23.59,2030-04-25,,19.83
PRJ-0025,April,2026-04-15,6.28,6.3,445.6,8451.08,19.48,2030-05-25,,21.5
PRJ-0025,May,2026-05-15,8.38,0.37,26.39,8020.82,13.39,2029-11-25,,14.6
PRJ-0025,June,2026-06-15,10.47,13.23,936.14,10175.5,43.85,2030-11-25,,27.04
PRJ-0025,July,2026-07-15,11.47,15.54,1099.56,7006.08,-0.95,2029-08-25,,12.35
PRJ-0026,Feb,2026-02-15,36.76,31.09,348.61,1257.85,12.18,2036-04-12,,9.48
PRJ-0026,March,2026-03-15,73.52,72.51,812.96,1292.63,15.29,2036-01-12,,5.51
PRJ-0026,April,2026-04-15,84.49,81.04,908.7,1281.54,14.3,2036-07-12,,11.78
PRJ-0026,May,2026-05-15,84.49,82.84,928.84,1329.0,18.53,2036-03-12,,7.62
PRJ-0026,June,2026-06-15,84.49,76.85,861.73,1410.51,25.8,2036-06-12,,10.66
PRJ-0026,July,2026-07-15,84.49,84.15,943.5,1207.85,7.72,2035-08-12,,1.36
PRJ-0027,Feb,2026-02-15,18.05,12.55,489.72,4305.88,10.32,2032-10-16,,12.81
PRJ-0027,March,2026-03-15,36.11,38.56,1504.92,4240.76,8.65,2032-07-16,,10.41
PRJ-0027,April,2026-04-15,54.16,58.19,2271.13,4224.56,8.24,2032-05-16,,7.87
PRJ-0027,May,2026-05-15,63.15,70.88,2766.64,4094.6,4.91,2032-07-16,,10.06
PRJ-0027,June,2026-06-15,63.15,59.44,2320.07,5270.18,35.02,2033-05-16,,19.65
PRJ-0027,July,2026-07-15,63.15,57.86,2258.24,3099.82,-20.58,2031-09-16,,0.0
PRJ-0028,Feb,2026-02-15,10.54,8.59,55.32,1009.45,56.66,2032-07-02,,30.19
PRJ-0028,March,2026-03-15,21.08,10.48,67.51,973.2,51.03,2032-02-02,,24.58
PRJ-0028,April,2026-04-15,31.63,22.63,145.8,938.0,45.57,2031-11-02,,21.76
PRJ-0028,May,2026-05-15,42.17,41.99,270.57,947.44,47.03,2032-03-02,,25.98
PRJ-0028,June,2026-06-15,43.61,46.74,301.16,1038.7,61.2,2032-03-02,,26.38
PRJ-0028,July,2026-07-15,43.61,46.52,299.77,747.96,16.08,2030-12-02,,11.24
PRJ-0029,Feb,2026-02-15,78.63,85.37,584.44,774.17,13.08,2026-11-10,,6.08
PRJ-0029,March,2026-03-15,88.73,89.0,609.32,785.75,14.77,2026-11-10,,5.7
PRJ-0029,April,2026-04-15,96.31,95.63,654.68,747.0,9.11,2026-06-10,,0.51
PRJ-0029,May,2026-05-15,100.0,100.0,761.34,761.34,11.21,2026-05-15,2026-05-15,0.16
PRJ-0029,June,2026-06-15,100.0,100.0,956.14,956.14,39.66,2026-05-15,2026-05-15,0.16
PRJ-0029,July,2026-07-15,100.0,100.0,634.3,634.3,-7.35,2026-05-15,2026-05-15,0.16
PRJ-0030,Feb,2026-02-15,15.03,18.22,118.95,738.83,13.15,2037-02-15,,13.9
PRJ-0030,March,2026-03-15,30.07,29.61,193.32,725.16,11.06,2036-11-15,,10.59
PRJ-0030,April,2026-04-15,43.79,46.39,302.89,718.73,10.07,2036-11-15,,11.46
PRJ-0030,May,2026-05-15,43.79,49.58,323.76,714.21,9.38,2036-09-15,,9.28
PRJ-0030,June,2026-06-15,43.79,41.29,269.62,853.16,30.66,2037-06-15,,17.52
PRJ-0030,July,2026-07-15,43.79,50.27,328.22,597.62,-8.47,2036-05-15,,4.51
PRJ-0031,Feb,2026-02-15,6.94,14.95,161.91,1201.02,10.92,2030-04-13,,16.64
PRJ-0031,March,2026-03-15,13.88,12.12,131.27,1194.67,10.34,2029-12-13,,13.16
PRJ-0031,April,2026-04-15,20.82,21.85,236.58,1147.82,6.01,2029-12-13,,13.3
PRJ-0031,May,2026-05-15,27.76,25.11,271.92,1139.85,5.27,2029-07-13,,8.2
PRJ-0031,June,2026-06-15,34.7,34.91,378.03,1454.36,34.32,2030-03-13,,15.68
PRJ-0031,July,2026-07-15,41.64,44.65,483.5,1014.02,-6.35,2029-03-13,,4.28
PRJ-0032,Feb,2026-02-15,6.57,8.83,1846.2,24789.94,18.55,2029-11-04,,21.38
PRJ-0032,March,2026-03-15,13.13,14.64,3060.97,24230.93,15.87,2029-03-04,,13.01
PRJ-0032,April,2026-04-15,19.7,16.66,3483.49,24205.95,15.75,2029-04-04,,14.03
PRJ-0032,May,2026-05-15,26.27,20.02,4185.54,23415.54,11.97,2029-03-04,,13.5
PRJ-0032,June,2026-06-15,32.83,34.01,7111.08,26328.0,25.9,2029-04-04,,13.95
PRJ-0032,July,2026-07-15,39.4,42.37,8859.95,20582.96,-1.57,2028-05-04,,2.97
PRJ-0033,Feb,2026-02-15,16.99,18.7,209.31,1311.24,17.13,2030-06-17,,16.83
PRJ-0033,March,2026-03-15,33.97,29.84,334.07,1318.92,17.81,2030-08-17,,18.78
PRJ-0033,April,2026-04-15,50.96,48.03,537.66,1325.84,18.43,2030-03-17,,14.17
PRJ-0033,May,2026-05-15,67.94,66.93,749.28,1307.36,16.78,2029-12-17,,10.84
PRJ-0033,June,2026-06-15,84.93,86.34,966.55,1461.23,30.52,2030-05-17,,16.32
PRJ-0033,July,2026-07-15,90.73,89.22,998.86,1198.97,7.1,2029-04-17,,2.58
PRJ-0034,Feb,2026-02-15,2.44,0.0,0.0,9945.0,25.01,2035-01-09,,20.41
PRJ-0034,March,2026-03-15,0.75,2.98,236.97,9639.26,21.16,2035-01-09,,19.67
PRJ-0034,April,2026-04-15,6.94,12.83,1020.94,9329.58,17.27,2035-01-09,,19.66
PRJ-0034,May,2026-05-15,5.66,4.39,349.49,8648.07,8.7,2034-07-09,,14.04
PRJ-0034,June,2026-06-15,6.64,7.02,558.24,14915.41,87.48,2037-01-09,,44.32
PRJ-0034,July,2026-07-15,7.81,9.15,728.16,6126.63,-22.99,2033-06-09,,1.18
PRJ-0035,Feb,2026-02-15,2.29,0.0,0.0,797.8,16.65,2032-04-08,,19.92
PRJ-0035,March,2026-03-15,4.59,3.77,25.78,780.57,14.13,2031-11-08,,15.41
PRJ-0035,April,2026-04-15,6.88,9.66,66.05,770.4,12.64,2031-12-08,,16.11
PRJ-0035,May,2026-05-15,9.17,9.14,62.49,775.56,13.4,2032-01-08,,16.61
PRJ-0035,June,2026-06-15,11.47,20.38,139.42,998.14,45.94,2032-08-08,,23.57
PRJ-0035,July,2026-07-15,12.06,17.53,119.89,640.59,-6.34,2031-03-08,,6.63
PRJ-0036,Feb,2026-02-15,20.03,16.38,470.85,3895.47,35.53,2037-12-04,,23.68
PRJ-0036,March,2026-03-15,40.05,42.67,1226.54,3832.89,33.35,2037-08-04,,20.36
PRJ-0036,April,2026-04-15,47.71,43.99,1264.47,3687.01,28.27,2037-02-04,,14.43
PRJ-0036,May,2026-05-15,47.71,48.66,1398.52,3533.69,22.94,2037-02-04,,14.14
PRJ-0036,June,2026-06-15,47.71,35.89,1031.46,6047.45,110.39,2039-06-04,,42.42
PRJ-0036,July,2026-07-15,47.71,45.05,1294.87,2583.24,-10.13,2036-03-04,,3.45
PRJ-0037,Feb,2026-02-15,0.48,0.85,7.38,1060.03,21.39,2034-05-01,,23.0
PRJ-0037,March,2026-03-15,3.04,6.89,60.18,1019.77,16.78,2033-10-01,,16.06
PRJ-0037,April,2026-04-15,4.56,6.4,55.87,986.03,12.92,2033-12-01,,17.95
PRJ-0037,May,2026-05-15,6.08,0.93,8.15,994.37,13.87,2033-07-01,,13.41
PRJ-0037,June,2026-06-15,3.43,0.0,0.0,1272.88,45.77,2034-10-01,,27.83
PRJ-0037,July,2026-07-15,5.1,5.05,44.1,774.81,-11.27,2032-09-01,,2.92
PRJ-0038,Feb,2026-02-15,20.25,23.36,278.23,1459.44,22.53,2033-03-12,,15.84
PRJ-0038,March,2026-03-15,40.5,35.0,416.95,1429.52,20.01,2033-02-12,,14.8
PRJ-0038,April,2026-04-15,60.74,58.28,694.18,1377.65,15.66,2032-09-12,,10.15
PRJ-0038,May,2026-05-15,80.99,76.71,913.66,1326.01,11.32,2032-05-12,,5.54
PRJ-0038,June,2026-06-15,91.78,93.07,1108.59,1863.85,56.48,2033-05-12,,18.45
PRJ-0038,July,2026-07-15,91.78,87.05,1036.92,1011.38,-15.09,2031-11-12,,0.0
PRJ-0039,Feb,2026-02-15,36.15,36.43,422.79,1258.33,8.41,2031-06-21,,11.7
PRJ-0039,March,2026-03-15,63.92,55.93,649.19,1279.02,10.19,2030-11-21,,4.53
PRJ-0039,April,2026-04-15,63.92,61.06,708.73,1263.57,8.86,2031-04-21,,10.06
PRJ-0039,May,2026-05-15,63.92,56.18,652.11,1247.01,7.44,2030-10-21,,4.4
PRJ-0039,June,2026-06-15,63.92,62.98,731.05,1388.92,19.66,2031-05-21,,10.83
PRJ-0039,July,2026-07-15,63.92,68.24,792.01,1131.05,-2.55,2030-12-21,,5.83
PRJ-0040,Feb,2026-02-15,31.67,34.67,478.01,1654.83,20.02,2031-01-22,,11.83
PRJ-0040,March,2026-03-15,55.68,61.75,851.37,1620.86,17.56,2030-12-22,,10.94
PRJ-0040,April,2026-04-15,55.68,56.63,780.81,1622.53,17.68,2030-12-22,,11.3
PRJ-0040,May,2026-05-15,55.68,54.74,754.69,1599.93,16.04,2030-08-22,,7.37
PRJ-0040,June,2026-06-15,55.68,57.89,798.14,1682.2,22.0,2031-03-22,,13.81
PRJ-0040,July,2026-07-15,55.68,52.78,727.79,1379.89,0.08,2030-05-22,,4.18
PRJ-0041,Feb,2026-02-15,2.01,0.0,0.0,431.82,18.64,2033-11-07,,15.99
PRJ-0041,March,2026-03-15,4.03,1.49,5.41,417.21,14.62,2033-09-07,,14.31
PRJ-0041,April,2026-04-15,6.04,8.96,32.61,416.89,14.54,2033-08-07,,13.19
PRJ-0041,May,2026-05-15,8.05,7.17,26.11,407.74,12.02,2033-11-07,,15.92
PRJ-0041,June,2026-06-15,10.06,4.25,15.47,475.73,30.7,2034-02-07,,19.01
PRJ-0041,July,2026-07-15,11.75,15.87,57.76,365.58,0.44,2033-01-07,,6.31
PRJ-0042,Feb,2026-02-15,83.41,85.22,740.11,946.34,8.96,2026-10-21,,5.77
PRJ-0042,March,2026-03-15,85.28,91.59,795.44,924.96,6.5,2026-06-21,,1.91
PRJ-0042,April,2026-04-15,91.88,96.41,837.35,901.82,3.83,2026-09-21,,4.85
PRJ-0042,May,2026-05-15,100.0,100.0,866.2,866.2,-0.27,2026-05-22,2026-05-22,1.02
PRJ-0042,June,2026-06-15,100.0,100.0,1288.49,1288.49,48.36,2026-05-22,2026-05-22,1.02
PRJ-0042,July,2026-07-15,100.0,100.0,674.41,674.41,-22.35,2026-05-22,2026-05-22,1.02
PRJ-0043,Feb,2026-02-15,13.72,25.38,212.06,1166.43,39.61,2030-10-08,,20.66
PRJ-0043,March,2026-03-15,27.45,24.41,203.93,1136.58,36.04,2030-11-08,,22.48
PRJ-0043,April,2026-04-15,41.17,44.22,369.46,1090.13,30.48,2030-09-08,,20.08
PRJ-0043,May,2026-05-15,54.9,59.43,496.5,1056.35,26.44,2029-11-08,,9.98
PRJ-0043,June,2026-06-15,68.62,70.12,585.86,1559.99,86.72,2032-01-08,,36.27
PRJ-0043,July,2026-07-15,82.35,79.03,660.23,689.59,-17.46,2029-01-08,,0.0
PRJ-0044,Feb,2026-02-15,26.23,28.82,286.42,1044.71,5.12,2030-04-15,,7.66
PRJ-0044,March,2026-03-15,52.45,51.98,516.55,1058.88,6.55,2030-06-15,,10.34
PRJ-0044,April,2026-04-15,78.68,75.9,754.33,1029.36,3.57,2029-11-15,,2.8
PRJ-0044,May,2026-05-15,97.89,99.5,988.86,1033.12,3.95,2029-09-15,,0.87
PRJ-0044,June,2026-06-15,97.89,91.62,910.56,1245.9,25.36,2030-06-15,,9.91
PRJ-0044,July,2026-07-15,97.89,99.5,988.86,792.2,-20.29,2029-08-15,,0.0
PRJ-0045,Feb,2026-02-15,14.57,11.78,346.9,3791.05,28.68,2031-07-03,,20.11
PRJ-0045,March,2026-03-15,29.14,29.68,874.39,3643.91,23.69,2031-05-03,,17.69
PRJ-0045,April,2026-04-15,43.71,37.25,1097.39,3659.74,24.23,2031-04-03,,17.21
PRJ-0045,May,2026-05-15,58.28,55.38,1631.39,3624.39,23.03,2030-12-03,,12.5
PRJ-0045,June,2026-06-15,69.87,65.76,1937.44,4100.37,39.18,2031-03-03,,16.25
PRJ-0045,July,2026-07-15,69.87,67.31,1982.91,3334.1,13.17,2030-09-03,,9.51
PRJ-0046,Feb,2026-02-15,71.97,72.92,637.74,990.26,13.23,2027-05-28,,11.8
PRJ-0046,March,2026-03-15,81.45,82.48,721.41,989.02,13.08,2027-02-28,,8.86
PRJ-0046,April,2026-04-15,89.63,87.3,763.56,966.05,10.46,2026-05-28,,0.35
PRJ-0046,May,2026-05-15,92.45,91.99,804.57,948.56,8.46,2026-07-28,,1.84
PRJ-0046,June,2026-06-15,100.0,100.0,1432.83,1432.83,63.83,2026-06-15,2026-06-15,0.59
PRJ-0046,July,2026-07-15,100.0,100.0,665.57,665.57,-23.9,2026-06-15,2026-06-15,0.59
PRJ-0047,Feb,2026-02-15,0.44,0.0,0.0,514.56,20.65,2036-06-11,,16.29
PRJ-0047,March,2026-03-15,0.88,4.54,19.35,510.11,19.61,2036-06-11,,16.02
PRJ-0047,April,2026-04-15,1.2,0.0,0.0,510.74,19.76,2036-09-11,,18.99
PRJ-0047,May,2026-05-15,1.2,7.11,30.33,508.48,19.23,2036-10-11,,19.6
PRJ-0047,June,2026-06-15,1.2,3.89,16.57,551.24,29.25,2036-11-11,,20.54
PRJ-0047,July,2026-07-15,1.2,2.46,10.48,476.67,11.77,2036-05-11,,14.99
PRJ-0048,Feb,2026-02-15,17.48,13.36,225.2,2727.55,61.81,2031-04-07,,31.67
PRJ-0048,March,2026-03-15,34.96,31.85,536.96,2582.02,53.17,2030-09-07,,25.15
PRJ-0048,April,2026-04-15,35.69,31.48,530.67,2520.68,49.53,2030-09-07,,24.77
PRJ-0048,May,2026-05-15,35.69,39.06,658.38,2480.29,47.14,2030-06-07,,22.38
PRJ-0048,June,2026-06-15,35.69,33.88,571.16,3127.0,85.5,2031-10-07,,37.79
PRJ-0048,July,2026-07-15,35.69,42.51,716.64,1967.32,16.71,2029-12-07,,15.8
PRJ-0049,Feb,2026-02-15,4.77,7.52,48.89,1137.01,74.87,2033-10-04,,40.06
PRJ-0049,March,2026-03-15,9.54,3.17,20.59,1129.94,73.78,2033-07-04,,37.28
PRJ-0049,April,2026-04-15,14.3,7.67,49.87,1100.83,69.31,2033-05-04,,34.52
PRJ-0049,May,2026-05-15,19.07,17.87,116.18,1064.45,63.71,2032-10-04,,28.31
PRJ-0049,June,2026-06-15,23.84,22.53,146.49,1415.35,117.68,2034-08-04,,50.03
PRJ-0049,July,2026-07-15,28.61,26.83,174.48,841.25,29.38,2032-01-04,,18.77
PRJ-0050,Feb,2026-02-15,33.06,25.16,187.36,828.88,11.32,2029-09-27,,12.54
PRJ-0050,March,2026-03-15,66.12,66.8,497.35,839.17,12.7,2029-04-27,,7.59
PRJ-0050,April,2026-04-15,98.15,99.5,740.85,833.9,12.0,2029-01-27,,5.39
PRJ-0050,May,2026-05-15,98.15,89.72,668.04,811.15,8.94,2029-01-27,,4.89
PRJ-0050,June,2026-06-15,98.15,99.5,740.85,1001.65,34.53,2029-07-27,,10.55
PRJ-0050,July,2026-07-15,98.15,99.5,740.85,717.52,-3.63,2028-10-27,,2.07
PRJ-0051,Feb,2026-02-15,7.23,6.19,51.47,964.55,16.09,2033-10-18,,19.72
PRJ-0051,March,2026-03-15,14.46,12.11,100.62,938.34,12.93,2033-05-18,,14.81
PRJ-0051,April,2026-04-15,21.69,15.7,130.44,946.79,13.95,2033-02-18,,11.66
PRJ-0051,May,2026-05-15,28.92,29.05,241.37,897.1,7.97,2032-11-18,,9.08
PRJ-0051,June,2026-06-15,33.21,35.85,297.91,1112.34,33.87,2033-09-18,,18.59
PRJ-0051,July,2026-07-15,33.21,32.01,265.98,810.28,-2.48,2032-10-18,,8.49
PRJ-0052,Feb,2026-02-15,40.3,41.46,356.72,1060.64,23.27,2033-11-07,,15.62
PRJ-0052,March,2026-03-15,80.6,83.31,716.83,1012.4,17.66,2033-03-07,,7.77
PRJ-0052,April,2026-04-15,95.46,98.95,851.35,986.05,14.6,2032-12-07,,4.53
PRJ-0052,May,2026-05-15,95.46,90.68,780.24,944.45,9.77,2032-09-07,,1.83
PRJ-0052,June,2026-06-15,95.46,98.38,846.46,1319.89,53.4,2034-06-07,,22.85
PRJ-0052,July,2026-07-15,95.46,88.95,765.38,719.02,-16.43,2032-07-07,,0.0
PRJ-0053,Feb,2026-02-15,5.39,9.48,95.97,1346.94,33.12,2033-06-07,,21.38
PRJ-0053,March,2026-03-15,10.77,2.15,21.75,1307.97,29.27,2033-05-07,,20.42
PRJ-0053,April,2026-04-15,16.16,9.96,100.74,1298.41,28.33,2033-06-07,,20.88
PRJ-0053,May,2026-05-15,21.55,17.24,174.48,1284.94,27.0,2033-03-07,,17.75
PRJ-0053,June,2026-06-15,26.93,29.35,296.92,1438.29,42.15,2033-08-07,,23.26
PRJ-0053,July,2026-07-15,32.32,27.68,280.04,1174.39,16.07,2032-11-07,,13.81
PRJ-0054,Feb,2026-02-15,70.32,70.1,866.62,1408.64,13.94,2026-12-23,,6.06
PRJ-0054,March,2026-03-15,78.46,74.39,919.73,1360.31,10.03,2027-02-23,,7.83
PRJ-0054,April,2026-04-15,83.25,76.37,944.18,1362.59,10.22,2026-11-23,,4.78
PRJ-0054,May,2026-05-15,90.29,95.47,1180.28,1313.97,6.28,2026-07-23,,0.66
PRJ-0054,June,2026-06-15,100.0,100.0,1518.77,1518.77,22.85,2026-06-17,2026-06-17,0.0
PRJ-0054,July,2026-07-15,100.0,100.0,1174.2,1174.2,-5.02,2026-06-17,2026-06-17,0.0
PRJ-0055,Feb,2026-02-15,8.14,4.5,277.83,7140.71,15.74,2034-07-28,,14.79
PRJ-0055,March,2026-03-15,16.28,16.51,1018.27,7217.0,16.98,2034-08-28,,16.48
PRJ-0055,April,2026-04-15,24.42,21.8,1345.14,6693.12,8.49,2034-04-28,,12.47
PRJ-0055,May,2026-05-15,32.56,36.19,2232.78,6588.85,6.8,2033-12-28,,8.07
PRJ-0055,June,2026-06-15,40.7,38.35,2366.24,8657.61,40.33,2035-02-28,,21.56
PRJ-0055,July,2026-07-15,48.84,47.76,2946.19,5137.86,-16.72,2033-04-28,,0.0
PRJ-0056,Feb,2026-02-15,2.58,9.36,102.83,1109.35,0.99,2034-05-12,,9.36
PRJ-0056,March,2026-03-15,5.15,0.0,0.0,1110.35,1.09,2034-08-12,,12.2
PRJ-0056,April,2026-04-15,7.73,9.68,106.34,1120.87,2.04,2034-08-12,,12.13
PRJ-0056,May,2026-05-15,10.3,10.43,114.52,1076.68,-1.98,2034-06-12,,9.57
PRJ-0056,June,2026-06-15,12.88,11.72,128.71,1295.09,17.9,2035-01-12,,17.12
PRJ-0056,July,2026-07-15,14.41,11.19,122.87,978.66,-10.9,2033-12-12,,3.73
PRJ-0057,Feb,2026-02-15,15.45,24.31,875.17,4155.13,15.41,2036-08-08,,14.63
PRJ-0057,March,2026-03-15,30.9,32.64,1175.11,4097.2,13.8,2036-07-08,,13.62
PRJ-0057,April,2026-04-15,46.35,50.84,1830.59,3998.48,11.06,2036-03-08,,10.12
PRJ-0057,May,2026-05-15,61.8,66.56,2396.41,3945.79,9.59,2036-02-08,,9.19
PRJ-0057,June,2026-06-15,77.26,84.36,3037.45,4864.87,35.12,2036-09-08,,16.34
PRJ-0057,July,2026-07-15,77.64,84.0,3024.32,3461.14,-3.87,2035-07-08,,1.65
PRJ-0058,Feb,2026-02-15,10.56,12.82,444.23,4309.2,24.37,2037-02-08,,14.06
PRJ-0058,March,2026-03-15,21.12,19.21,665.56,4333.26,25.06,2037-09-08,,20.85
PRJ-0058,April,2026-04-15,31.68,34.32,1189.13,4227.67,22.02,2037-03-08,,15.11
PRJ-0058,May,2026-05-15,42.24,45.19,1565.75,4191.56,20.97,2037-01-08,,13.35
PRJ-0058,June,2026-06-15,52.8,48.83,1691.82,5037.04,45.38,2037-10-08,,22.13
PRJ-0058,July,2026-07-15,63.36,66.0,2286.93,3729.6,7.64,2036-11-08,,10.9
PRJ-0059,Feb,2026-02-15,22.05,26.69,235.88,861.65,-2.51,2029-08-26,,14.19
PRJ-0059,March,2026-03-15,44.1,46.44,410.43,877.77,-0.69,2028-11-26,,5.48
PRJ-0059,April,2026-04-15,66.16,63.75,563.41,841.43,-4.8,2028-06-26,,0.2
PRJ-0059,May,2026-05-15,72.14,79.03,698.49,834.2,-5.62,2028-08-26,,1.92
PRJ-0059,June,2026-06-15,72.14,70.9,626.67,846.53,-4.22,2028-08-26,,1.52
PRJ-0059,July,2026-07-15,72.14,72.01,636.45,816.62,-7.61,2028-08-26,,1.74
PRJ-0060,Feb,2026-02-15,2.49,2.71,6.17,281.04,23.18,2036-01-01,,15.5
PRJ-0060,March,2026-03-15,4.98,6.61,15.08,271.69,19.09,2036-04-01,,18.86
PRJ-0060,April,2026-04-15,7.47,8.1,18.49,263.75,15.6,2036-04-01,,18.61
PRJ-0060,May,2026-05-15,9.96,9.58,21.86,265.11,16.2,2036-01-01,,15.54
PRJ-0060,June,2026-06-15,12.45,14.32,32.68,313.17,37.27,2036-09-01,,23.94
PRJ-0060,July,2026-07-15,14.94,15.47,35.29,217.4,-4.71,2035-07-01,,10.2
PRJ-0061,Feb,2026-02-15,65.0,63.96,2041.86,4441.29,39.13,2028-01-22,,18.02
PRJ-0061,March,2026-03-15,70.11,70.97,2265.52,4275.06,33.92,2027-12-22,,17.0
PRJ-0061,April,2026-04-15,85.39,85.57,2731.5,4148.54,29.96,2027-06-22,,10.62
PRJ-0061,May,2026-05-15,87.77,87.66,2798.21,3977.25,24.59,2027-05-22,,10.46
PRJ-0061,June,2026-06-15,93.68,91.59,2923.66,6130.37,92.04,2029-05-22,,33.82
PRJ-0061,July,2026-07-15,100.0,100.0,2469.34,2469.34,-22.65,2026-07-13,2026-07-13,0.0
PRJ-0062,Feb,2026-02-15,65.0,65.51,497.11,726.18,-4.3,2026-10-06,,2.57
PRJ-0062,March,2026-03-15,76.93,73.54,558.03,756.96,-0.25,2026-08-06,,0.53
PRJ-0062,April,2026-04-15,85.34,87.74,665.82,767.33,1.12,2026-10-06,,2.82
PRJ-0062,May,2026-05-15,83.82,86.53,656.59,767.78,1.18,2026-08-06,,0.87
PRJ-0062,June,2026-06-15,93.75,89.97,682.72,783.41,3.24,2026-11-06,,4.49
PRJ-0062,July,2026-07-15,100.0,100.0,786.79,786.79,3.68,2026-07-03,2026-07-03,0.0
PRJ-0063,Feb,2026-02-15,16.65,17.99,925.93,5850.11,13.66,2031-12-10,,14.89
PRJ-0063,March,2026-03-15,33.3,35.33,1818.43,5982.83,16.24,2031-12-10,,14.89
PRJ-0063,April,2026-04-15,49.95,58.43,3007.55,5895.52,14.54,2031-09-10,,11.56
PRJ-0063,May,2026-05-15,66.6,62.59,3221.41,5772.02,12.14,2031-02-10,,4.78
PRJ-0063,June,2026-06-15,83.25,82.76,4259.65,6649.98,29.2,2031-08-10,,11.29
PRJ-0063,July,2026-07-15,92.83,95.03,4891.22,5566.48,8.15,2031-02-10,,5.16
PRJ-0064,Feb,2026-02-15,9.72,7.56,73.63,1119.39,15.01,2035-01-08,,15.73
PRJ-0064,March,2026-03-15,19.45,21.86,212.81,1100.45,13.06,2035-01-08,,16.4
PRJ-0064,April,2026-04-15,29.17,27.34,266.13,1059.32,8.84,2034-09-08,,12.47
PRJ-0064,May,2026-05-15,38.89,37.15,361.62,1045.05,7.37,2034-08-08,,11.49
PRJ-0064,June,2026-06-15,48.61,53.78,523.44,1270.87,30.57,2035-05-08,,20.42
PRJ-0064,July,2026-07-15,51.97,52.03,506.36,811.85,-16.59,2033-09-08,,0.0
PRJ-0065,Feb,2026-02-15,10.35,10.96,38.37,415.27,18.6,2033-03-22,,18.43
PRJ-0065,March,2026-03-15,20.71,21.82,76.39,422.22,20.58,2033-03-22,,17.69
PRJ-0065,April,2026-04-15,31.06,25.91,90.74,398.49,13.81,2033-01-22,,16.27
PRJ-0065,May,2026-05-15,41.41,37.24,130.39,391.53,11.82,2032-08-22,,11.09
PRJ-0065,June,2026-06-15,51.77,48.16,168.63,445.97,27.37,2032-12-22,,14.76
PRJ-0065,July,2026-07-15,62.12,58.9,206.23,357.37,2.06,2031-11-22,,2.48
PRJ-0066,Feb,2026-02-15,100.0,100.0,707.94,707.94,7.9,2026-02-26,2026-02-26,1.45
PRJ-0066,March,2026-03-15,100.0,100.0,735.64,735.64,12.13,2026-02-26,2026-02-26,1.45
PRJ-0066,April,2026-04-15,100.0,100.0,712.22,712.22,8.56,2026-02-26,2026-02-26,1.45
PRJ-0066,May,2026-05-15,100.0,100.0,721.79,721.79,10.01,2026-02-26,2026-02-26,1.45
PRJ-0066,June,2026-06-15,100.0,100.0,853.66,853.66,30.11,2026-02-26,2026-02-26,1.45
PRJ-0066,July,2026-07-15,100.0,100.0,672.76,672.76,2.54,2026-02-26,2026-02-26,1.45
PRJ-0067,Feb,2026-02-15,14.63,7.25,43.08,906.95,52.55,2038-02-22,,27.73
PRJ-0067,March,2026-03-15,29.26,24.9,148.03,872.19,46.71,2037-12-22,,26.1
PRJ-0067,April,2026-04-15,43.89,44.4,263.96,838.16,40.98,2037-01-22,,14.95
PRJ-0067,May,2026-05-15,51.81,59.35,352.85,780.24,31.24,2037-02-22,,15.62
PRJ-0067,June,2026-06-15,51.81,56.75,337.37,1124.2,89.1,2038-11-22,,36.99
PRJ-0067,July,2026-07-15,51.81,52.91,314.58,523.23,-11.99,2036-01-22,,2.5
PRJ-0068,Feb,2026-02-15,26.87,31.53,1177.16,4782.78,28.11,2032-08-10,,20.47
PRJ-0068,March,2026-03-15,53.74,50.74,1894.4,4918.49,31.74,2032-04-10,,15.65
PRJ-0068,April,2026-04-15,70.69,68.73,2565.95,4651.06,24.58,2031-10-10,,10.34
PRJ-0068,May,2026-05-15,70.69,68.95,2574.24,4414.09,18.23,2031-11-10,,10.64
PRJ-0068,June,2026-06-15,70.69,78.43,2928.17,6345.09,69.96,2033-04-10,,28.03
PRJ-0068,July,2026-07-15,70.69,71.74,2678.19,3480.23,-6.78,2031-03-10,,2.8
PRJ-0069,Feb,2026-02-15,55.3,56.98,2346.54,5478.54,33.03,2031-01-22,,19.44
PRJ-0069,March,2026-03-15,86.85,86.9,3578.75,5457.04,32.51,2030-02-22,,8.19
PRJ-0069,April,2026-04-15,86.85,77.97,3211.2,5302.79,28.76,2030-09-22,,14.58
PRJ-0069,May,2026-05-15,86.85,90.85,3741.5,5016.64,21.81,2030-01-22,,7.41
PRJ-0069,June,2026-06-15,86.85,87.9,3619.77,6501.59,57.87,2031-04-22,,21.77
PRJ-0069,July,2026-07-15,86.85,87.19,3590.76,3813.03,-7.41,2029-11-22,,4.52
PRJ-0070,Feb,2026-02-15,24.25,23.54,1412.22,8049.71,34.19,2031-11-24,,19.67
PRJ-0070,March,2026-03-15,48.49,51.49,3088.9,8117.47,35.32,2031-11-24,,19.85
PRJ-0070,April,2026-04-15,72.74,72.59,4354.67,7770.73,29.54,2031-05-24,,14.01
PRJ-0070,May,2026-05-15,77.56,68.81,4128.01,7393.47,23.25,2031-02-24,,11.13
PRJ-0070,June,2026-06-15,77.56,82.4,4942.8,11060.6,84.38,2033-02-24,,35.37
PRJ-0070,July,2026-07-15,77.56,73.57,4413.17,5217.05,-13.03,2030-03-24,,0.0
PRJ-0071,Feb,2026-02-15,3.04,2.58,59.65,2980.72,28.82,2033-01-04,,24.91
PRJ-0071,March,2026-03-15,6.07,0.0,0.0,2957.65,27.82,2032-10-04,,22.02
PRJ-0071,April,2026-04-15,9.11,9.28,214.77,2918.58,26.14,2032-08-04,,19.88
PRJ-0071,May,2026-05-15,12.15,15.31,354.25,2944.65,27.26,2032-05-04,,17.02
PRJ-0071,June,2026-06-15,15.19,17.92,414.68,3745.35,61.87,2033-07-04,,30.6
PRJ-0071,July,2026-07-15,18.22,20.9,483.53,2319.33,0.24,2031-12-04,,12.14
PRJ-0072,Feb,2026-02-15,4.24,1.66,40.81,2897.08,18.17,2030-03-10,,19.03
PRJ-0072,March,2026-03-15,8.48,12.4,304.09,2791.99,13.89,2029-12-10,,16.4
PRJ-0072,April,2026-04-15,12.73,9.26,227.04,2691.01,9.77,2029-07-10,,10.6
PRJ-0072,May,2026-05-15,16.97,15.55,381.18,2597.44,5.95,2029-03-10,,7.3
PRJ-0072,June,2026-06-15,21.21,17.6,431.58,3376.12,37.71,2030-10-10,,25.81
PRJ-0072,July,2026-07-15,25.39,19.63,481.21,1933.57,-21.13,2028-12-10,,3.78
PRJ-0073,Feb,2026-02-15,26.52,26.92,175.4,850.24,30.5,2033-10-02,,21.76
PRJ-0073,March,2026-03-15,53.03,50.73,330.5,864.92,32.75,2033-05-02,,17.06
PRJ-0073,April,2026-04-15,58.64,52.55,342.4,849.05,30.31,2033-06-02,,17.63
PRJ-0073,May,2026-05-15,58.64,59.05,384.75,809.83,24.29,2033-01-02,,12.98
PRJ-0073,June,2026-06-15,58.64,54.71,356.45,892.8,37.03,2033-06-02,,18.48
PRJ-0073,July,2026-07-15,58.64,58.12,378.69,744.87,14.32,2032-10-02,,10.12
PRJ-0074,Feb,2026-02-15,28.34,26.72,2783.89,12451.67,19.53,2035-05-18,,16.52
PRJ-0074,March,2026-03-15,56.67,55.03,5732.71,12176.89,16.89,2034-11-18,,11.29
PRJ-0074,April,2026-04-15,85.01,82.59,8603.73,12026.31,15.44,2034-04-18,,3.52
PRJ-0074,May,2026-05-15,90.3,85.27,8882.72,11154.72,7.08,2034-01-18,,1.01
PRJ-0074,June,2026-06-15,90.3,85.55,8912.11,16324.59,56.7,2035-08-18,,19.6
PRJ-0074,July,2026-07-15,90.3,88.54,9223.96,7815.77,-24.97,2033-12-18,,0.0
PRJ-0075,Feb,2026-02-15,4.06,4.91,35.42,868.47,20.29,2035-04-02,,20.14
PRJ-0075,March,2026-03-15,8.12,15.39,111.08,864.8,19.78,2034-12-02,,16.19
PRJ-0075,April,2026-04-15,12.18,12.04,86.9,846.76,17.28,2034-12-02,,16.39
PRJ-0075,May,2026-05-15,16.24,16.67,120.33,818.66,13.39,2034-12-02,,16.43
PRJ-0075,June,2026-06-15,19.13,19.13,138.08,1238.82,71.59,2036-08-02,,36.39
PRJ-0075,July,2026-07-15,19.13,22.2,160.26,589.29,-18.38,2033-10-02,,1.75
PRJ-0076,Feb,2026-02-15,33.2,38.07,571.36,2159.12,43.86,2037-06-28,,25.21
PRJ-0076,March,2026-03-15,66.4,67.83,1018.05,2167.74,44.44,2037-02-28,,21.4
PRJ-0076,April,2026-04-15,96.23,93.83,1408.22,2109.64,40.56,2036-11-28,,18.06
PRJ-0076,May,2026-05-15,96.23,99.45,1492.64,2090.42,39.28,2036-07-28,,14.45
PRJ-0076,June,2026-06-15,96.23,96.28,1444.98,2438.97,62.51,2037-06-28,,25.2
PRJ-0076,July,2026-07-15,96.23,89.39,1341.58,1850.23,23.28,2036-01-28,,8.17
PRJ-0077,Feb,2026-02-15,0.7,0.0,0.0,419.59,29.82,2029-11-10,,19.11
PRJ-0077,March,2026-03-15,1.39,3.92,12.66,409.35,26.65,2030-02-10,,22.12
PRJ-0077,April,2026-04-15,1.95,0.66,2.15,400.41,23.88,2030-02-10,,21.7
PRJ-0077,May,2026-05-15,1.95,0.0,0.0,390.3,20.76,2029-10-10,,18.41
PRJ-0077,June,2026-06-15,1.95,0.0,0.0,506.32,56.65,2031-01-10,,32.59
PRJ-0077,July,2026-07-15,1.95,1.51,4.89,306.9,-5.05,2029-01-10,,9.13
PRJ-0078,Feb,2026-02-15,15.45,20.76,157.36,1038.05,36.96,2030-04-11,,26.45
PRJ-0078,March,2026-03-15,30.9,27.13,205.65,1029.59,35.84,2029-11-11,,21.24
PRJ-0078,April,2026-04-15,46.35,39.11,296.43,1000.67,32.03,2029-09-11,,18.59
PRJ-0078,May,2026-05-15,61.8,64.36,487.79,1000.2,31.97,2029-09-11,,18.72
PRJ-0078,June,2026-06-15,61.97,61.68,467.5,1156.7,52.62,2030-02-11,,23.74
PRJ-0078,July,2026-07-15,61.97,58.12,440.5,744.21,-1.81,2028-08-11,,6.46
PRJ-0079,Feb,2026-02-15,41.23,43.72,744.03,2096.77,23.21,2036-03-08,,13.51
PRJ-0079,March,2026-03-15,82.45,84.33,1435.06,2108.48,23.9,2036-01-08,,11.9
PRJ-0079,April,2026-04-15,97.77,94.48,1607.72,1973.8,15.99,2035-09-08,,8.34
PRJ-0079,May,2026-05-15,97.77,90.11,1533.45,1984.43,16.61,2035-09-08,,8.16
PRJ-0079,June,2026-06-15,97.77,99.5,1693.22,2351.44,38.18,2036-02-08,,13.46
PRJ-0079,July,2026-07-15,97.77,99.5,1693.22,1725.79,1.41,2035-01-08,,0.0
PRJ-0080,Feb,2026-02-15,12.79,10.07,658.77,6912.51,5.67,2031-06-09,,12.44
PRJ-0080,March,2026-03-15,25.57,22.49,1471.07,7055.94,7.86,2031-09-09,,15.0
PRJ-0080,April,2026-04-15,38.36,35.63,2330.56,6767.25,3.45,2031-06-09,,11.68
PRJ-0080,May,2026-05-15,51.15,48.94,3201.29,6680.0,2.12,2030-12-09,,6.29
PRJ-0080,June,2026-06-15,63.93,69.8,4565.82,8559.5,30.85,2031-07-09,,13.49
PRJ-0080,July,2026-07-15,74.67,75.03,4908.36,5534.47,-15.4,2030-06-09,,0.0
PRJ-0081,Feb,2026-02-15,28.28,30.63,322.21,1194.96,13.61,2034-02-16,,13.19
PRJ-0081,March,2026-03-15,56.56,52.73,554.63,1175.33,11.74,2034-01-16,,12.22
PRJ-0081,April,2026-04-15,84.84,91.4,961.34,1181.48,12.33,2033-06-16,,5.11
PRJ-0081,May,2026-05-15,97.38,99.5,1046.55,1175.89,11.8,2033-03-16,,2.33
PRJ-0081,June,2026-06-15,97.38,99.5,1046.55,1350.02,28.35,2033-10-16,,8.58
PRJ-0081,July,2026-07-15,97.38,95.03,999.57,1072.3,1.95,2033-03-16,,1.53
PRJ-0082,Feb,2026-02-15,7.44,5.84,304.63,5767.07,10.56,2029-07-12,,14.26
PRJ-0082,March,2026-03-15,14.88,12.25,639.17,5626.06,7.86,2029-07-12,,14.35
PRJ-0082,April,2026-04-15,22.31,20.46,1067.09,5613.34,7.61,2029-06-12,,12.96
PRJ-0082,May,2026-05-15,29.75,31.22,1628.23,5356.01,2.68,2029-05-12,,12.5
PRJ-0082,June,2026-06-15,37.19,30.1,1569.95,7126.68,36.63,2030-02-12,,21.26
PRJ-0082,July,2026-07-15,44.1,43.22,2254.27,4255.87,-18.41,2028-07-12,,2.26
PRJ-0083,Feb,2026-02-15,6.63,6.38,66.06,1418.65,36.91,2031-05-27,,23.39
PRJ-0083,March,2026-03-15,13.26,17.08,176.93,1389.59,34.11,2031-05-27,,23.34
PRJ-0083,April,2026-04-15,19.89,21.46,222.37,1303.27,25.78,2030-11-27,,16.91
PRJ-0083,May,2026-05-15,26.52,22.07,228.66,1247.48,20.39,2030-12-27,,17.63
PRJ-0083,June,2026-06-15,33.15,33.99,352.18,1899.43,83.31,2032-07-27,,36.83
PRJ-0083,July,2026-07-15,39.77,28.33,293.53,697.73,-32.66,2029-06-27,,0.0
PRJ-0084,Feb,2026-02-15,21.65,17.31,251.74,1668.25,14.68,2031-02-16,,14.89
PRJ-0084,March,2026-03-15,43.3,36.36,528.93,1646.49,13.19,2030-11-16,,11.78
PRJ-0084,April,2026-04-15,64.95,63.47,923.22,1578.31,8.5,2030-04-16,,5.37
PRJ-0084,May,2026-05-15,86.6,93.96,1366.85,1550.13,6.56,2029-12-16,,1.38
PRJ-0084,June,2026-06-15,95.84,90.63,1318.34,1923.05,32.2,2031-02-16,,15.22
PRJ-0084,July,2026-07-15,95.84,95.73,1392.61,1297.95,-10.77,2029-11-16,,0.0
PRJ-0085,Feb,2026-02-15,5.2,9.84,1711.96,20012.57,14.97,2033-10-13,,18.71
PRJ-0085,March,2026-03-15,10.39,9.72,1692.4,19451.76,11.75,2033-07-13,,16.37
PRJ-0085,April,2026-04-15,15.59,14.01,2438.71,19500.01,12.03,2033-02-13,,11.1
PRJ-0085,May,2026-05-15,20.78,25.1,4368.28,19269.96,10.71,2033-02-13,,10.86
PRJ-0085,June,2026-06-15,25.98,27.3,4752.12,21275.95,22.23,2033-09-13,,18.16
PRJ-0085,July,2026-07-15,31.17,28.39,4942.03,17984.42,3.32,2032-09-13,,6.19
PRJ-0086,Feb,2026-02-15,31.09,30.12,207.12,809.06,17.64,2034-01-25,,14.12
PRJ-0086,March,2026-03-15,62.19,72.73,500.16,781.56,13.64,2033-09-25,,10.42
PRJ-0086,April,2026-04-15,92.0,93.86,645.5,764.24,11.12,2033-02-25,,2.83
PRJ-0086,May,2026-05-15,92.0,89.35,614.51,768.78,11.78,2033-05-25,,6.09
PRJ-0086,June,2026-06-15,92.0,93.54,643.28,1085.55,57.84,2034-08-25,,21.39
PRJ-0086,July,2026-07-15,92.0,91.77,631.14,569.52,-17.19,2032-11-25,,0.0
PRJ-0087,Feb,2026-02-15,25.88,28.18,251.35,957.2,7.31,2032-07-06,,10.16
PRJ-0087,March,2026-03-15,51.77,55.65,496.38,960.6,7.69,2032-07-06,,10.23
PRJ-0087,April,2026-04-15,77.65,74.23,662.14,954.12,6.96,2032-02-06,,5.34
PRJ-0087,May,2026-05-15,93.89,86.22,769.12,994.52,11.49,2032-02-06,,5.31
PRJ-0087,June,2026-06-15,93.89,91.35,814.83,1061.02,18.95,2032-04-06,,6.64
PRJ-0087,July,2026-07-15,93.89,91.75,818.42,914.24,2.49,2031-11-06,,1.62
PRJ-0088,Feb,2026-02-15,13.29,13.32,202.52,2212.62,45.56,2036-04-10,,26.12
PRJ-0088,March,2026-03-15,26.57,34.27,520.94,2212.56,45.55,2035-11-10,,21.43
PRJ-0088,April,2026-04-15,39.86,36.2,550.24,2152.85,41.63,2036-02-10,,23.75
PRJ-0088,May,2026-05-15,45.48,41.5,630.85,2052.35,35.02,2035-10-10,,19.78
PRJ-0088,June,2026-06-15,45.48,47.7,725.1,2247.37,47.84,2036-02-10,,23.75
PRJ-0088,July,2026-07-15,45.48,45.79,695.98,1572.11,3.42,2034-09-10,,7.4
PRJ-0089,Feb,2026-02-15,23.78,23.16,342.04,1937.93,31.22,2031-10-25,,22.93
PRJ-0089,March,2026-03-15,47.56,48.53,716.8,1912.87,29.52,2031-02-25,,14.98
PRJ-0089,April,2026-04-15,71.34,71.1,1050.02,1881.53,27.4,2030-12-25,,13.28
PRJ-0089,May,2026-05-15,77.04,73.48,1085.29,1789.34,21.16,2030-06-25,,7.22
PRJ-0089,June,2026-06-15,77.04,73.91,1091.57,2152.4,45.74,2031-12-25,,24.88
PRJ-0089,July,2026-07-15,77.04,72.01,1063.57,1490.41,0.92,2030-03-25,,4.1
PRJ-0090,Feb,2026-02-15,13.96,8.67,298.83,5426.08,57.51,2031-09-20,,29.38
PRJ-0090,March,2026-03-15,27.93,29.51,1016.66,5347.21,55.22,2031-09-20,,28.59
PRJ-0090,April,2026-04-15,41.89,44.9,1546.74,5090.07,47.76,2031-06-20,,25.97
PRJ-0090,May,2026-05-15,55.85,57.07,1965.9,4869.38,41.35,2031-01-20,,20.79
PRJ-0090,June,2026-06-15,63.22,61.63,2122.99,6229.73,80.84,2031-12-20,,32.04
PRJ-0090,July,2026-07-15,63.22,64.9,2235.82,3588.81,4.18,2029-10-20,,5.69
PRJ-0091,Feb,2026-02-15,11.42,15.51,157.24,1341.54,32.32,2030-07-26,,20.87
PRJ-0091,March,2026-03-15,22.85,23.01,233.33,1323.45,30.53,2030-08-26,,22.23
PRJ-0091,April,2026-04-15,34.27,29.48,298.85,1295.24,27.75,2030-05-26,,18.69
PRJ-0091,May,2026-05-15,45.7,53.25,539.88,1243.31,22.63,2029-12-26,,14.43
PRJ-0091,June,2026-06-15,57.12,58.55,593.63,1441.07,42.13,2030-10-26,,23.78
PRJ-0091,July,2026-07-15,68.55,75.87,769.22,1060.63,4.61,2029-01-26,,3.35
PRJ-0092,Feb,2026-02-15,27.33,21.93,130.07,740.09,24.78,2033-11-26,,16.77
PRJ-0092,March,2026-03-15,54.66,58.14,344.86,716.64,20.82,2033-09-26,,15.08
PRJ-0092,April,2026-04-15,81.99,78.97,468.42,716.97,20.88,2032-10-26,,3.99
PRJ-0092,May,2026-05-15,87.91,93.6,555.15,674.54,13.72,2032-11-26,,5.45
PRJ-0092,June,2026-06-15,87.91,94.48,560.39,830.35,39.99,2033-12-26,,17.98
PRJ-0092,July,2026-07-15,87.91,86.74,514.46,588.82,-0.73,2032-07-26,,0.93
PRJ-0093,Feb,2026-02-15,16.09,7.58,92.94,1369.51,11.64,2035-09-07,,12.11
PRJ-0093,March,2026-03-15,32.18,32.63,400.31,1436.1,17.07,2035-11-07,,14.48
PRJ-0093,April,2026-04-15,48.27,43.19,529.82,1461.2,19.12,2035-10-07,,12.84
PRJ-0093,May,2026-05-15,64.36,61.41,753.32,1425.78,16.23,2035-07-07,,10.01
PRJ-0093,June,2026-06-15,80.44,86.08,1055.99,1588.2,29.47,2035-08-07,,11.3
PRJ-0093,July,2026-07-15,89.48,89.35,1096.08,1342.41,9.43,2035-04-07,,6.62
PRJ-0094,Feb,2026-02-15,18.93,28.13,89.11,374.16,18.12,2030-02-06,,15.89
PRJ-0094,March,2026-03-15,37.87,37.09,117.47,374.34,18.18,2029-12-06,,14.34
PRJ-0094,April,2026-04-15,56.8,55.01,174.26,350.33,10.6,2029-07-06,,9.31
PRJ-0094,May,2026-05-15,75.74,76.62,242.71,353.27,11.53,2029-08-06,,9.71
PRJ-0094,June,2026-06-15,94.67,99.5,315.17,525.91,66.03,2030-10-06,,23.63
PRJ-0094,July,2026-07-15,96.75,94.8,300.3,259.01,-18.23,2028-10-06,,0.0
PRJ-0095,Feb,2026-02-15,0.93,0.0,0.0,3594.2,36.96,2037-12-02,,23.98
PRJ-0095,March,2026-03-15,1.85,5.8,152.25,3472.41,32.32,2037-10-02,,21.96
PRJ-0095,April,2026-04-15,2.78,7.01,183.9,3393.81,29.32,2037-11-02,,22.69
PRJ-0095,May,2026-05-15,3.71,0.0,0.0,3304.26,25.91,2037-12-02,,23.63
PRJ-0095,June,2026-06-15,2.14,0.0,0.0,3859.33,47.06,2038-04-02,,27.87
PRJ-0095,July,2026-07-15,1.78,4.72,123.83,2706.58,3.14,2036-10-02,,10.17
PRJ-0096,Feb,2026-02-15,22.14,21.76,195.09,1049.47,17.04,2035-11-20,,13.64
PRJ-0096,March,2026-03-15,44.28,49.32,442.25,1041.41,16.14,2035-09-20,,12.1
PRJ-0096,April,2026-04-15,66.42,64.45,577.94,1024.96,14.31,2035-06-20,,9.44
PRJ-0096,May,2026-05-15,83.31,85.26,764.47,1027.43,14.58,2035-05-20,,8.15
PRJ-0096,June,2026-06-15,83.31,89.01,798.13,1144.34,27.62,2035-11-20,,13.66
PRJ-0096,July,2026-07-15,83.31,79.7,714.66,950.76,6.03,2035-01-20,,3.96
PRJ-0097,Feb,2026-02-15,100.0,100.0,2506.86,2506.86,33.71,2026-02-18,2026-02-18,0.95
PRJ-0097,March,2026-03-15,100.0,100.0,2433.27,2433.27,29.78,2026-02-18,2026-02-18,0.95
PRJ-0097,April,2026-04-15,100.0,100.0,2383.73,2383.73,27.14,2026-02-18,2026-02-18,0.95
PRJ-0097,May,2026-05-15,100.0,100.0,2303.8,2303.8,22.88,2026-02-18,2026-02-18,0.95
PRJ-0097,June,2026-06-15,100.0,100.0,2939.92,2939.92,56.81,2026-02-18,2026-02-18,0.95
PRJ-0097,July,2026-07-15,100.0,100.0,1928.02,1928.02,2.84,2026-02-18,2026-02-18,0.95
PRJ-0098,Feb,2026-02-15,8.59,12.78,76.85,695.74,15.74,2031-10-06,,15.55
PRJ-0098,March,2026-03-15,17.18,18.1,108.82,696.42,15.85,2031-08-06,,14.44
PRJ-0098,April,2026-04-15,25.78,28.73,172.73,701.33,16.67,2031-06-06,,12.42
PRJ-0098,May,2026-05-15,34.37,34.99,210.31,697.24,15.99,2031-09-06,,15.41
PRJ-0098,June,2026-06-15,42.96,40.3,242.26,786.37,30.82,2032-02-06,,19.51
PRJ-0098,July,2026-07-15,51.55,58.86,353.81,657.62,9.4,2031-01-06,,6.84
PRJ-0099,Feb,2026-02-15,73.63,74.78,6115.59,10971.56,34.15,2027-11-13,,16.62
PRJ-0099,March,2026-03-15,81.73,81.12,6634.29,10795.44,32.0,2027-06-13,,11.74
PRJ-0099,April,2026-04-15,89.67,91.01,7442.78,10702.12,30.86,2027-06-13,,12.41
PRJ-0099,May,2026-05-15,96.75,98.94,8091.55,10875.43,32.98,2027-06-13,,12.42
PRJ-0099,June,2026-06-15,100.0,100.0,10796.63,10796.63,32.01,2026-06-10,2026-06-10,0.0
PRJ-0099,July,2026-07-15,100.0,100.0,10421.87,10421.87,27.43,2026-06-10,2026-06-10,0.0
PRJ-0100,Feb,2026-02-15,10.69,14.95,177.68,1522.07,28.07,2036-12-07,,21.62
PRJ-0100,March,2026-03-15,21.38,20.62,245.04,1485.22,24.97,2037-02-07,,24.24
PRJ-0100,April,2026-04-15,32.06,33.08,393.19,1396.56,17.51,2036-03-07,,13.49
PRJ-0100,May,2026-05-15,42.75,46.09,547.8,1357.26,14.2,2036-02-07,,11.61
PRJ-0100,June,2026-06-15,53.44,54.39,646.47,2294.19,93.04,2038-05-07,,38.69
PRJ-0100,July,2026-07-15,64.13,65.8,782.02,917.03,-22.84,2035-02-07,,0.0
PRJ-0101,Feb,2026-02-15,16.7,19.41,2356.53,17843.41,46.97,2030-09-15,,25.14
PRJ-0101,March,2026-03-15,33.41,29.9,3630.41,17275.71,42.29,2030-06-15,,21.55
PRJ-0101,April,2026-04-15,50.11,45.36,5506.66,16497.02,35.88,2030-05-15,,20.67
PRJ-0101,May,2026-05-15,61.0,64.91,7880.38,15800.82,30.14,2029-11-15,,15.31
PRJ-0101,June,2026-06-15,61.0,53.95,6550.7,20299.95,67.2,2031-02-15,,29.93
PRJ-0101,July,2026-07-15,61.0,63.51,7710.62,11862.91,-2.29,2029-01-15,,4.64
PRJ-0102,Feb,2026-02-15,10.22,4.77,29.64,746.49,20.2,2030-08-01,,15.0
PRJ-0102,March,2026-03-15,20.44,20.79,129.08,709.41,14.23,2030-05-01,,12.17
PRJ-0102,April,2026-04-15,30.66,34.9,216.71,683.24,10.02,2030-02-01,,9.22
PRJ-0102,May,2026-05-15,40.88,44.98,279.34,649.52,4.59,2030-01-01,,7.86
PRJ-0102,June,2026-06-15,51.1,55.76,346.26,1134.82,82.73,2032-03-01,,34.21
PRJ-0102,July,2026-07-15,61.32,63.04,391.48,406.55,-34.54,2029-05-01,,0.0
PRJ-0103,Feb,2026-02-15,2.04,3.91,232.04,9203.43,55.09,2031-01-01,,28.4
PRJ-0103,March,2026-03-15,4.09,13.03,773.0,9158.85,54.34,2031-06-01,,32.53
PRJ-0103,April,2026-04-15,6.13,6.48,384.3,9155.65,54.28,2030-12-01,,26.94
PRJ-0103,May,2026-05-15,8.18,9.2,545.93,8808.01,48.43,2030-12-01,,26.78
PRJ-0103,June,2026-06-15,10.22,9.97,591.83,10083.02,69.91,2031-09-01,,36.47
PRJ-0103,July,2026-07-15,12.27,10.47,621.51,8316.08,40.14,2031-01-01,,27.6
PRJ-0104,Feb,2026-02-15,8.92,5.51,39.23,999.14,40.37,2035-04-13,,25.58
PRJ-0104,March,2026-03-15,17.84,19.78,140.82,973.19,36.73,2035-01-13,,23.39
PRJ-0104,April,2026-04-15,26.77,21.37,152.08,944.41,32.68,2034-12-13,,21.97
PRJ-0104,May,2026-05-15,35.69,40.29,286.74,938.13,31.8,2034-09-13,,18.76
PRJ-0104,June,2026-06-15,44.61,48.47,345.03,1093.17,53.58,2035-03-13,,24.66
PRJ-0104,July,2026-07-15,53.53,50.94,362.59,737.84,3.66,2033-12-13,,10.15
PRJ-0105,Feb,2026-02-15,8.94,8.78,89.17,1251.76,23.27,2031-12-06,,18.45
PRJ-0105,March,2026-03-15,17.87,22.2,225.43,1249.51,23.05,2031-11-06,,17.27
PRJ-0105,April,2026-04-15,26.81,25.3,256.93,1224.06,20.55,2031-06-06,,12.14
PRJ-0105,May,2026-05-15,35.21,39.05,396.55,1191.18,17.31,2031-04-06,,9.61
PRJ-0105,June,2026-06-15,35.21,33.61,341.28,1528.53,50.53,2032-11-06,,28.95
PRJ-0105,July,2026-07-15,35.21,32.98,334.88,919.42,-9.46,2031-01-06,,7.07
PRJ-0106,Feb,2026-02-15,7.97,10.19,42.91,531.41,26.14,2032-05-17,,19.03
PRJ-0106,March,2026-03-15,15.94,17.71,74.6,527.46,25.21,2032-05-17,,18.79
PRJ-0106,April,2026-04-15,23.91,24.52,103.28,501.83,19.12,2032-03-17,,16.92
PRJ-0106,May,2026-05-15,31.88,35.64,150.13,502.43,19.27,2032-03-17,,16.87
PRJ-0106,June,2026-06-15,33.3,35.37,148.99,756.78,79.64,2033-11-17,,36.85
PRJ-0106,July,2026-07-15,33.3,29.27,123.29,323.33,-23.25,2030-10-17,,0.0
PRJ-0107,Feb,2026-02-15,2.53,5.63,48.26,1103.67,28.7,2035-04-07,,18.53
PRJ-0107,March,2026-03-15,5.06,5.72,49.1,1065.05,24.2,2035-06-07,,21.42
PRJ-0107,April,2026-04-15,7.59,8.73,74.87,1057.81,23.35,2035-05-07,,20.43
PRJ-0107,May,2026-05-15,10.13,7.43,63.72,1038.19,21.06,2035-03-07,,17.63
PRJ-0107,June,2026-06-15,12.66,12.52,107.35,1324.57,54.46,2035-11-07,,25.77
PRJ-0107,July,2026-07-15,15.19,15.41,132.18,791.82,-7.67,2034-04-07,,6.93
PRJ-0108,Feb,2026-02-15,27.07,26.14,130.24,575.17,15.42,2037-03-21,,14.66
PRJ-0108,March,2026-03-15,54.13,56.29,280.5,580.24,16.44,2036-09-21,,9.42
PRJ-0108,April,2026-04-15,81.2,82.88,413.0,571.03,14.59,2036-09-21,,9.01
PRJ-0108,May,2026-05-15,87.87,86.49,430.98,554.8,11.34,2035-12-21,,0.02
PRJ-0108,June,2026-06-15,87.87,85.77,427.4,684.3,37.32,2036-12-21,,12.48
PRJ-0108,July,2026-07-15,87.87,87.64,436.74,486.3,-2.41,2035-12-21,,0.0
PRJ-0109,Feb,2026-02-15,10.82,4.67,33.19,863.15,21.54,2029-10-05,,15.28
PRJ-0109,March,2026-03-15,21.64,21.6,153.43,845.18,19.0,2029-10-05,,14.84
PRJ-0109,April,2026-04-15,32.46,31.34,222.57,848.25,19.44,2029-08-05,,12.98
PRJ-0109,May,2026-05-15,43.27,44.18,313.75,824.78,16.13,2029-08-05,,13.1
PRJ-0109,June,2026-06-15,48.79,46.11,327.5,983.34,38.46,2030-02-05,,19.46
PRJ-0109,July,2026-07-15,48.79,48.7,345.84,755.04,6.31,2029-02-05,,7.35
PRJ-0110,Feb,2026-02-15,78.78,82.99,1365.24,2301.61,39.9,2027-05-26,,13.48
PRJ-0110,March,2026-03-15,83.07,85.9,1413.24,2208.34,34.23,2027-09-26,,17.36
PRJ-0110,April,2026-04-15,92.13,91.97,1513.03,2078.37,26.33,2026-10-26,,5.77
PRJ-0110,May,2026-05-15,100.0,100.0,1925.42,1925.42,17.04,2026-05-10,2026-05-10,0.46
PRJ-0110,June,2026-06-15,100.0,100.0,2617.05,2617.05,59.08,2026-05-10,2026-05-10,0.46
PRJ-0110,July,2026-07-15,100.0,100.0,1359.92,1359.92,-17.34,2026-05-10,2026-05-10,0.46
PRJ-0111,Feb,2026-02-15,33.75,45.0,459.08,1269.48,24.44,2032-08-01,,17.26
PRJ-0111,March,2026-03-15,67.49,69.59,709.91,1261.76,23.69,2032-07-01,,15.95
PRJ-0111,April,2026-04-15,95.13,88.71,905.0,1235.97,21.16,2032-02-01,,10.8
PRJ-0111,May,2026-05-15,95.13,95.56,974.86,1203.48,17.97,2031-07-01,,4.32
PRJ-0111,June,2026-06-15,95.13,92.53,943.91,1553.36,52.27,2032-10-01,,19.08
PRJ-0111,July,2026-07-15,95.13,99.5,1015.02,908.84,-10.91,2031-04-01,,0.73
PRJ-0112,Feb,2026-02-15,0.13,1.08,8.2,919.61,20.85,2032-07-24,,17.4
PRJ-0112,March,2026-03-15,0.49,3.58,27.22,909.17,19.48,2032-09-24,,18.96
PRJ-0112,April,2026-04-15,0.73,0.0,0.0,878.66,15.47,2032-05-24,,14.56
PRJ-0112,May,2026-05-15,0.98,9.23,70.26,883.46,16.1,2032-10-24,,20.24
PRJ-0112,June,2026-06-15,1.22,6.91,52.55,1107.46,45.54,2033-08-24,,29.67
PRJ-0112,July,2026-07-15,1.47,0.25,1.93,685.89,-9.86,2032-01-24,,10.56
PRJ-0113,Feb,2026-02-15,13.82,17.72,624.73,5001.65,41.87,2034-08-20,,27.62
PRJ-0113,March,2026-03-15,27.64,31.97,1127.04,4875.71,38.3,2034-04-20,,23.55
PRJ-0113,April,2026-04-15,41.47,41.82,1474.45,4706.17,33.49,2033-10-20,,18.27
PRJ-0113,May,2026-05-15,55.29,51.47,1814.39,4519.7,28.2,2033-07-20,,14.67
PRJ-0113,June,2026-06-15,69.11,74.87,2639.55,5386.3,52.79,2034-02-20,,22.1
PRJ-0113,July,2026-07-15,82.93,87.25,3075.85,3852.84,9.29,2032-09-20,,4.84
PRJ-0114,Feb,2026-02-15,24.37,20.22,425.63,2593.66,23.24,2030-07-14,,18.23
PRJ-0114,March,2026-03-15,48.74,46.24,973.12,2511.5,19.33,2030-04-14,,15.07
PRJ-0114,April,2026-04-15,73.11,71.89,1513.04,2545.26,20.94,2029-12-14,,11.45
PRJ-0114,May,2026-05-15,93.51,93.56,1969.16,2512.91,19.4,2029-10-14,,8.88
PRJ-0114,June,2026-06-15,93.51,93.68,1971.5,2717.68,29.13,2029-11-14,,10.35
PRJ-0114,July,2026-07-15,93.51,89.83,1890.61,2285.1,8.58,2029-08-14,,6.92
PRJ-0115,Feb,2026-02-15,25.38,29.13,371.8,1940.6,52.04,2033-10-11,,26.5
PRJ-0115,March,2026-03-15,50.76,47.5,606.31,1976.08,54.82,2033-09-11,,25.45
PRJ-0115,April,2026-04-15,76.14,75.52,963.95,1956.07,53.26,2033-06-11,,22.31
PRJ-0115,May,2026-05-15,96.25,93.65,1195.36,1927.39,51.01,2033-06-11,,21.51
PRJ-0115,June,2026-06-15,96.25,93.21,1189.65,1935.97,51.68,2033-04-11,,19.68
PRJ-0115,July,2026-07-15,96.25,91.51,1168.01,1847.85,44.78,2033-02-11,,18.19
PRJ-0116,Feb,2026-02-15,9.04,4.01,32.84,785.98,-3.92,2029-10-23,,9.2
PRJ-0116,March,2026-03-15,18.08,24.78,202.75,792.63,-3.11,2029-11-23,,10.18
PRJ-0116,April,2026-04-15,27.11,29.08,237.88,752.13,-8.06,2029-09-23,,7.63
PRJ-0116,May,2026-05-15,30.3,33.44,273.58,761.09,-6.97,2029-08-23,,6.65
PRJ-0116,June,2026-06-15,30.3,27.87,227.99,979.69,19.75,2029-12-23,,11.48
PRJ-0116,July,2026-07-15,30.3,31.05,253.99,630.91,-22.88,2029-02-23,,1.47
PRJ-0117,Feb,2026-02-15,0.47,0.0,0.0,4689.02,43.57,2031-08-17,,32.18
PRJ-0117,March,2026-03-15,0.95,0.0,0.0,4517.36,38.31,2030-10-17,,21.75
PRJ-0117,April,2026-04-15,1.42,5.3,172.99,4293.57,31.46,2031-04-17,,27.68
PRJ-0117,May,2026-05-15,1.9,7.73,252.49,4006.91,22.68,2030-08-17,,19.85
PRJ-0117,June,2026-06-15,2.37,0.0,0.0,5412.32,65.72,2032-02-17,,37.65
PRJ-0117,July,2026-07-15,2.85,2.69,87.91,2969.74,-9.07,2029-10-17,,9.77
PRJ-0118,Feb,2026-02-15,22.24,23.63,170.37,855.89,18.72,2030-01-07,,15.35
PRJ-0118,March,2026-03-15,44.48,41.97,302.57,857.92,19.0,2029-10-07,,11.55
PRJ-0118,April,2026-04-15,58.83,58.58,422.3,856.44,18.8,2030-02-07,,15.56
PRJ-0118,May,2026-05-15,58.83,55.13,397.44,837.06,16.11,2029-11-07,,13.03
PRJ-0118,June,2026-06-15,58.83,61.74,445.11,918.8,27.45,2030-03-07,,16.93
PRJ-0118,July,2026-07-15,58.83,58.32,420.48,764.08,5.99,2029-05-07,,6.69
PRJ-0119,Feb,2026-02-15,13.9,7.99,169.67,2670.47,25.81,2034-06-20,,22.21
PRJ-0119,March,2026-03-15,27.81,33.27,706.31,2601.74,22.57,2034-01-20,,16.67
PRJ-0119,April,2026-04-15,41.71,42.73,907.11,2587.42,21.89,2033-12-20,,16.36
PRJ-0119,May,2026-05-15,55.61,58.1,1233.35,2527.7,19.08,2033-09-20,,12.7
PRJ-0119,June,2026-06-15,69.51,77.17,1638.16,3192.21,50.39,2034-03-20,,19.48
PRJ-0119,July,2026-07-15,83.42,83.48,1771.9,1878.86,-11.49,2032-08-20,,0.0
PRJ-0120,Feb,2026-02-15,12.83,14.94,329.87,2666.99,20.77,2034-10-14,,18.86
PRJ-0120,March,2026-03-15,25.66,20.22,446.46,2541.05,15.07,2034-09-14,,18.14
PRJ-0120,April,2026-04-15,38.49,40.94,903.99,2527.96,14.47,2034-02-14,,11.07
PRJ-0120,May,2026-05-15,51.32,48.79,1077.44,2488.46,12.68,2034-02-14,,11.4
PRJ-0120,June,2026-06-15,57.51,55.72,1230.49,3259.36,47.59,2034-11-14,,19.66
PRJ-0120,July,2026-07-15,57.51,52.66,1162.96,2043.12,-7.48,2033-06-14,,3.33
PRJ-0121,Feb,2026-02-15,13.33,9.08,133.05,1976.76,34.93,2033-09-24,,20.17
PRJ-0121,March,2026-03-15,26.66,23.09,338.33,1954.83,33.44,2033-08-24,,19.02
PRJ-0121,April,2026-04-15,39.99,42.08,616.47,1912.17,30.52,2033-06-24,,17.42
PRJ-0121,May,2026-05-15,53.32,55.71,816.13,1885.06,28.67,2033-04-24,,15.35
PRJ-0121,June,2026-06-15,66.65,68.53,1004.0,2230.66,52.26,2034-01-24,,23.63
PRJ-0121,July,2026-07-15,79.98,80.3,1176.44,1623.67,10.83,2032-06-24,,4.63
PRJ-0122,Feb,2026-02-15,5.54,5.14,107.68,2893.77,38.05,2036-09-18,,27.43
PRJ-0122,March,2026-03-15,11.08,13.61,285.28,2819.3,34.5,2036-05-18,,23.31
PRJ-0122,April,2026-04-15,16.62,13.68,286.7,2754.47,31.41,2036-04-18,,22.4
PRJ-0122,May,2026-05-15,16.66,15.16,317.81,2782.91,32.76,2036-04-18,,21.61
PRJ-0122,June,2026-06-15,16.66,14.71,308.32,3019.65,44.06,2036-11-18,,28.51
PRJ-0122,July,2026-07-15,16.66,14.76,309.49,2077.79,-0.88,2035-01-18,,6.52
PRJ-0123,Feb,2026-02-15,12.19,11.06,1728.05,22766.84,45.7,2034-09-14,,25.27
PRJ-0123,March,2026-03-15,24.37,27.41,4282.3,21672.97,38.7,2034-06-14,,22.16
PRJ-0123,April,2026-04-15,36.56,35.77,5588.72,20556.64,31.56,2033-12-14,,16.11
PRJ-0123,May,2026-05-15,48.75,41.6,6500.56,19862.16,27.11,2033-11-14,,14.75
PRJ-0123,June,2026-06-15,60.94,62.15,9711.08,28801.02,84.32,2035-07-14,,35.38
PRJ-0123,July,2026-07-15,73.12,77.8,12157.13,12749.25,-18.41,2032-08-14,,0.0
PRJ-0124,Feb,2026-02-15,1.69,0.0,0.0,1750.33,17.81,2036-05-01,,20.73
PRJ-0124,March,2026-03-15,2.59,0.0,0.0,1815.93,22.22,2036-03-01,,18.81
PRJ-0124,April,2026-04-15,4.51,11.64,172.87,1756.48,18.22,2036-01-01,,16.85
PRJ-0124,May,2026-05-15,2.06,8.25,122.63,1721.16,15.85,2036-01-01,,16.55
PRJ-0124,June,2026-06-15,4.7,0.0,0.0,2135.11,43.71,2036-10-01,,26.39
PRJ-0124,July,2026-07-15,3.74,0.0,0.0,1479.36,-0.43,2035-09-01,,13.08
PRJ-0125,Feb,2026-02-15,8.97,8.57,52.07,664.1,9.32,2036-02-26,,14.99
PRJ-0125,March,2026-03-15,17.93,16.71,101.53,658.68,8.42,2035-11-26,,11.74
PRJ-0125,April,2026-04-15,26.9,31.49,191.32,647.43,6.57,2035-09-26,,9.61
PRJ-0125,May,2026-05-15,35.86,36.6,222.33,643.19,5.87,2035-12-26,,12.87
PRJ-0125,June,2026-06-15,44.83,48.67,295.64,705.84,16.19,2036-02-26,,14.75
PRJ-0125,July,2026-07-15,53.8,52.95,321.69,590.59,-2.78,2035-03-26,,3.91
PRJ-0126,Feb,2026-02-15,9.95,15.67,171.36,1311.13,19.89,2036-07-25,,18.33
PRJ-0126,March,2026-03-15,19.89,19.34,211.49,1336.17,22.18,2036-06-25,,16.74
PRJ-0126,April,2026-04-15,29.84,24.31,265.81,1316.47,20.38,2036-04-25,,15.38
PRJ-0126,May,2026-05-15,39.78,47.18,516.0,1313.01,20.07,2036-03-25,,14.42
PRJ-0126,June,2026-06-15,49.73,49.35,539.71,1439.38,31.62,2036-12-25,,22.58
PRJ-0126,July,2026-07-15,52.18,48.93,535.14,1206.66,10.34,2035-12-25,,10.54
PRJ-0127,Feb,2026-02-15,23.05,25.91,676.06,3951.83,51.43,2037-03-25,,24.87
PRJ-0127,March,2026-03-15,46.1,39.24,1023.93,3973.83,52.28,2037-01-25,,22.58
PRJ-0127,April,2026-04-15,69.15,75.81,1978.26,3836.01,47.0,2036-11-25,,20.78
PRJ-0127,May,2026-05-15,90.82,90.89,2371.87,3752.31,43.79,2036-04-25,,14.38
PRJ-0127,June,2026-06-15,90.82,85.97,2243.53,4773.28,82.91,2037-06-25,,27.56
PRJ-0127,July,2026-07-15,90.82,86.33,2252.79,3103.9,18.94,2035-10-25,,8.37
PRJ-0128,Feb,2026-02-15,2.31,0.65,4.63,738.09,3.94,2034-03-06,,12.58
PRJ-0128,March,2026-03-15,4.61,0.0,0.0,739.49,4.14,2033-12-06,,10.07
PRJ-0128,April,2026-04-15,6.92,2.69,19.13,714.31,0.59,2034-03-06,,12.63
PRJ-0128,May,2026-05-15,9.23,3.75,26.65,711.82,0.24,2034-05-06,,14.56
PRJ-0128,June,2026-06-15,10.76,12.05,85.55,828.97,16.74,2034-08-06,,17.85
PRJ-0128,July,2026-07-15,10.76,4.67,33.19,654.44,-7.84,2033-10-06,,7.5
PRJ-0129,Feb,2026-02-15,12.0,6.72,24.58,376.5,2.97,2030-10-10,,7.12
PRJ-0129,March,2026-03-15,17.16,15.9,58.12,375.77,2.77,2031-01-10,,9.61
PRJ-0129,April,2026-04-15,17.16,18.74,68.53,375.06,2.57,2031-02-10,,11.49
PRJ-0129,May,2026-05-15,17.16,12.75,46.64,371.87,1.7,2031-03-10,,11.87
PRJ-0129,June,2026-06-15,17.16,20.71,75.74,466.56,27.6,2031-12-10,,21.18
PRJ-0129,July,2026-07-15,17.16,11.42,41.77,306.45,-16.19,2030-06-10,,2.76
PRJ-0130,Feb,2026-02-15,20.69,21.15,248.56,1318.53,12.17,2034-01-14,,13.17
PRJ-0130,March,2026-03-15,41.37,44.18,519.34,1279.79,8.88,2034-01-14,,12.62
PRJ-0130,April,2026-04-15,62.06,67.29,790.92,1284.75,9.3,2033-04-14,,3.87
PRJ-0130,May,2026-05-15,82.74,82.58,970.69,1271.81,8.2,2033-03-14,,3.49
PRJ-0130,June,2026-06-15,95.97,95.7,1124.9,1496.08,27.28,2033-09-14,,9.22
PRJ-0130,July,2026-07-15,95.97,87.96,1033.85,1147.02,-2.42,2032-12-14,,0.0
PRJ-0131,Feb,2026-02-15,12.91,8.73,85.24,1185.77,21.48,2032-01-27,,16.73
PRJ-0131,March,2026-03-15,25.82,19.57,190.98,1157.59,18.59,2031-12-27,,15.85
PRJ-0131,April,2026-04-15,38.73,45.53,444.45,1150.05,17.82,2031-08-27,,12.25
PRJ-0131,May,2026-05-15,51.64,52.89,516.27,1109.62,13.68,2031-06-27,,10.08
PRJ-0131,June,2026-06-15,64.55,67.65,660.34,1448.72,48.42,2032-06-27,,21.86
PRJ-0131,July,2026-07-15,77.46,76.03,742.13,887.21,-9.11,2030-08-27,,0.0
PRJ-0132,Feb,2026-02-15,4.63,1.87,30.66,2700.11,64.78,2031-11-09,,35.32
PRJ-0132,March,2026-03-15,9.27,13.31,218.13,2615.85,59.64,2031-07-09,,31.27
PRJ-0132,April,2026-04-15,13.9,8.88,145.58,2541.5,55.1,2031-06-09,,30.12
PRJ-0132,May,2026-05-15,18.53,19.62,321.55,2504.41,52.84,2031-09-09,,32.75
PRJ-0132,June,2026-06-15,23.16,21.93,359.39,3899.98,138.01,2033-09-09,,56.89
PRJ-0132,July,2026-07-15,27.8,24.44,400.53,1841.97,12.41,2030-03-09,,15.34
PRJ-0133,Feb,2026-02-15,16.8,17.58,252.73,1987.41,38.24,2032-08-10,,24.09
PRJ-0133,March,2026-03-15,33.6,27.43,394.3,1853.54,28.93,2031-12-10,,16.32
PRJ-0133,April,2026-04-15,50.39,47.82,687.47,1804.84,25.54,2031-12-10,,16.16
PRJ-0133,May,2026-05-15,67.19,67.98,977.29,1764.2,22.71,2031-05-10,,9.44
PRJ-0133,June,2026-06-15,83.99,86.34,1241.27,2464.74,71.44,2032-12-10,,28.12
PRJ-0133,July,2026-07-15,94.67,95.31,1370.29,1227.08,-14.65,2030-08-10,,0.0
PRJ-0134,Feb,2026-02-15,7.75,7.09,426.94,6897.11,14.53,2030-05-15,,15.02
PRJ-0134,March,2026-03-15,15.5,15.75,948.2,6636.41,10.2,2030-05-15,,15.49
PRJ-0134,April,2026-04-15,23.25,24.85,1496.4,6374.87,5.86,2029-12-15,,10.18
PRJ-0134,May,2026-05-15,31.0,32.51,1957.52,5949.11,-1.21,2029-12-15,,9.59
PRJ-0134,June,2026-06-15,38.75,41.11,2475.58,8189.46,35.99,2030-10-15,,19.75
PRJ-0134,July,2026-07-15,46.51,50.76,3056.7,4020.61,-33.23,2029-02-15,,0.0
PRJ-0135,Feb,2026-02-15,18.44,24.1,496.31,2294.73,11.44,2029-04-07,,11.36
PRJ-0135,March,2026-03-15,36.88,26.43,544.21,2228.78,8.24,2029-02-07,,9.5
PRJ-0135,April,2026-04-15,55.32,53.28,1097.05,2197.99,6.74,2029-03-07,,9.94
PRJ-0135,May,2026-05-15,73.75,74.07,1525.16,2192.92,6.49,2028-10-07,,4.68
PRJ-0135,June,2026-06-15,92.19,92.11,1896.8,2879.88,39.86,2029-06-07,,13.25
PRJ-0135,July,2026-07-15,95.75,93.98,1935.29,1645.45,-20.09,2028-05-07,,0.0
PRJ-0136,Feb,2026-02-15,19.07,18.19,109.4,760.8,26.49,2033-01-21,,20.11
PRJ-0136,March,2026-03-15,38.13,35.02,210.65,750.93,24.85,2033-01-21,,19.82
PRJ-0136,April,2026-04-15,57.2,60.3,362.71,737.66,22.64,2032-01-21,,8.22
PRJ-0136,May,2026-05-15,60.81,66.68,401.08,744.08,23.71,2032-06-21,,13.06
PRJ-0136,June,2026-06-15,60.81,63.04,379.18,879.88,46.29,2033-01-21,,19.62
PRJ-0136,July,2026-07-15,60.81,57.57,346.29,656.95,9.22,2031-12-21,,6.71
PRJ-0137,Feb,2026-02-15,4.18,3.83,23.85,733.73,17.75,2032-06-02,,19.73
PRJ-0137,March,2026-03-15,8.36,7.51,46.77,713.17,14.45,2031-12-02,,14.1
PRJ-0137,April,2026-04-15,12.54,9.48,59.05,712.63,14.36,2032-02-02,,16.22
PRJ-0137,May,2026-05-15,16.72,12.51,77.97,694.7,11.48,2031-11-02,,12.79
PRJ-0137,June,2026-06-15,16.79,17.6,109.65,859.26,37.89,2032-07-02,,21.23
PRJ-0137,July,2026-07-15,16.79,16.21,100.98,582.4,-6.54,2032-01-02,,14.61
PRJ-0138,Feb,2026-02-15,5.7,11.52,257.08,2695.63,20.78,2033-12-21,,19.34
PRJ-0138,March,2026-03-15,11.4,8.66,193.26,2656.15,19.01,2033-09-21,,16.17
PRJ-0138,April,2026-04-15,17.1,22.45,501.13,2671.08,19.68,2033-12-21,,18.94
PRJ-0138,May,2026-05-15,22.8,17.47,390.0,2651.45,18.8,2033-06-21,,13.19
PRJ-0138,June,2026-06-15,28.5,23.12,515.98,2891.09,29.53,2033-11-21,,18.47
PRJ-0138,July,2026-07-15,34.2,29.65,661.76,2450.95,9.81,2033-02-21,,9.28
PRJ-0139,Feb,2026-02-15,12.07,13.71,1032.38,8040.11,6.79,2033-01-14,,13.6
PRJ-0139,March,2026-03-15,24.14,21.0,1581.23,7793.62,3.51,2032-12-14,,12.74
PRJ-0139,April,2026-04-15,36.22,30.55,2300.02,7959.3,5.71,2033-01-14,,14.37
PRJ-0139,May,2026-05-15,48.29,49.83,3751.44,7870.15,4.53,2032-08-14,,8.59
PRJ-0139,June,2026-06-15,60.36,57.45,4325.5,9639.56,28.03,2033-06-14,,18.81
PRJ-0139,July,2026-07-15,72.43,75.72,5701.08,7031.73,-6.61,2032-01-14,,2.15
PRJ-0140,Feb,2026-02-15,7.57,9.73,55.86,595.9,3.81,2030-11-17,,16.66
PRJ-0140,March,2026-03-15,15.14,14.11,80.99,617.52,7.57,2030-07-17,,12.85
PRJ-0140,April,2026-04-15,22.71,27.2,156.12,606.59,5.67,2030-05-17,,10.57
PRJ-0140,May,2026-05-15,30.28,31.48,180.71,583.69,1.68,2030-04-17,,10.06
PRJ-0140,June,2026-06-15,37.85,37.37,214.5,786.58,37.02,2031-05-17,,23.18
PRJ-0140,July,2026-07-15,45.42,47.32,271.67,485.27,-15.47,2029-11-17,,4.58
PRJ-0141,Feb,2026-02-15,20.48,17.8,602.51,4701.39,38.93,2036-10-06,,24.98
PRJ-0141,March,2026-03-15,40.96,43.78,1481.35,4524.49,33.7,2036-02-06,,16.96
PRJ-0141,April,2026-04-15,61.43,66.35,2245.36,4400.03,30.02,2036-01-06,,16.34
PRJ-0141,May,2026-05-15,80.59,81.49,2757.74,4202.03,24.17,2035-08-06,,10.63
PRJ-0141,June,2026-06-15,80.59,80.71,2731.35,7528.82,122.48,2038-05-06,,43.5
PRJ-0141,July,2026-07-15,80.59,77.58,2625.34,2508.21,-25.88,2034-09-06,,0.0
PRJ-0142,Feb,2026-02-15,2.83,0.0,0.0,2401.5,10.79,2035-02-19,,17.4
PRJ-0142,March,2026-03-15,5.67,10.14,219.71,2399.3,10.69,2035-03-19,,18.08
PRJ-0142,April,2026-04-15,8.5,9.67,209.52,2417.96,11.55,2035-02-19,,17.26
PRJ-0142,May,2026-05-15,10.68,14.15,306.82,2381.72,9.88,2034-10-19,,12.83
PRJ-0142,June,2026-06-15,10.68,7.49,162.27,2706.28,24.85,2035-05-19,,20.1
PRJ-0142,July,2026-07-15,10.68,9.95,215.61,2183.05,0.71,2034-05-19,,8.42
PRJ-0143,Feb,2026-02-15,3.27,8.9,256.3,2955.57,2.67,2030-06-01,,7.46
PRJ-0143,March,2026-03-15,6.54,4.68,134.85,2987.78,3.79,2030-11-01,,11.72
PRJ-0143,April,2026-04-15,9.81,6.95,200.15,2982.71,3.62,2030-10-01,,10.73
PRJ-0143,May,2026-05-15,13.08,14.73,424.15,2840.54,-1.32,2030-08-01,,9.08
PRJ-0143,June,2026-06-15,16.35,12.89,370.94,3569.6,24.0,2031-08-01,,21.0
PRJ-0143,July,2026-07-15,18.96,20.77,597.81,2383.49,-17.2,2030-02-01,,3.18
PRJ-0144,Feb,2026-02-15,7.26,8.3,232.32,2945.13,5.23,2036-10-17,,17.14
PRJ-0144,March,2026-03-15,14.53,5.01,140.31,2926.76,4.58,2036-06-17,,12.51
PRJ-0144,April,2026-04-15,21.79,21.96,614.65,2872.07,2.62,2036-04-17,,10.8
PRJ-0144,May,2026-05-15,29.05,28.84,807.15,2850.16,1.84,2036-03-17,,10.38
PRJ-0144,June,2026-06-15,34.68,30.89,864.58,3522.39,25.86,2037-04-17,,22.94
PRJ-0144,July,2026-07-15,34.68,35.08,981.88,2332.64,-16.65,2035-05-17,,0.0
PRJ-0145,Feb,2026-02-15,20.37,26.48,496.25,2678.67,42.94,2036-10-24,,26.63
PRJ-0145,March,2026-03-15,39.02,35.6,667.13,2574.35,37.37,2036-04-24,,20.7
PRJ-0145,April,2026-04-15,39.02,39.14,733.4,2452.55,30.87,2036-01-24,,17.62
PRJ-0145,May,2026-05-15,39.02,43.51,815.31,2315.31,23.55,2035-10-24,,15.4
PRJ-0145,June,2026-06-15,39.02,36.78,689.22,3262.53,74.1,2037-05-24,,33.97
PRJ-0145,July,2026-07-15,39.02,30.0,562.17,1627.31,-13.16,2034-11-24,,3.52
PRJ-0146,Feb,2026-02-15,5.03,3.24,26.13,999.75,24.03,2032-07-02,,23.72
PRJ-0146,March,2026-03-15,10.07,11.42,92.06,995.65,23.52,2032-01-02,,18.29
PRJ-0146,April,2026-04-15,15.1,6.35,51.2,955.46,18.54,2032-02-02,,18.61
PRJ-0146,May,2026-05-15,15.84,15.12,121.91,940.84,16.72,2031-11-02,,15.68
PRJ-0146,June,2026-06-15,15.84,9.62,77.56,1328.02,64.75,2033-03-02,,31.58
PRJ-0146,July,2026-07-15,15.84,22.93,184.8,659.47,-18.19,2030-12-02,,5.49
PRJ-0147,Feb,2026-02-15,14.41,12.89,113.36,1006.19,14.42,2034-04-08,,14.75
PRJ-0147,March,2026-03-15,28.83,22.31,196.18,987.04,12.25,2034-05-08,,16.02
PRJ-0147,April,2026-04-15,43.24,48.36,425.27,963.47,9.56,2033-09-08,,8.01
PRJ-0147,May,2026-05-15,57.65,53.0,466.08,931.93,5.98,2033-09-08,,7.67
PRJ-0147,June,2026-06-15,72.06,70.2,617.35,1030.4,17.18,2033-08-08,,7.34
PRJ-0147,July,2026-07-15,86.48,86.28,758.72,834.46,-5.11,2033-01-08,,0.0
PRJ-0148,Feb,2026-02-15,4.09,3.55,32.17,922.82,1.84,2035-07-15,,13.65
PRJ-0148,March,2026-03-15,8.18,7.52,68.17,892.68,-1.49,2035-02-15,,8.76
PRJ-0148,April,2026-04-15,12.27,13.52,122.5,917.59,1.26,2035-05-15,,11.7
PRJ-0148,May,2026-05-15,16.36,20.99,190.2,917.55,1.26,2035-05-15,,12.01
PRJ-0148,June,2026-06-15,20.46,17.67,160.14,1104.89,21.93,2035-08-15,,15.21
PRJ-0148,July,2026-07-15,24.55,25.23,228.62,809.17,-10.7,2034-08-15,,2.53
PRJ-0149,Feb,2026-02-15,0.39,0.24,2.22,1115.16,20.93,2032-11-25,,17.24
PRJ-0149,March,2026-03-15,0.24,0.0,0.0,1128.02,22.32,2033-03-25,,20.63
PRJ-0149,April,2026-04-15,6.66,12.26,113.09,1108.24,20.18,2032-12-25,,18.28
PRJ-0149,May,2026-05-15,3.95,2.96,27.3,1079.71,17.09,2032-09-25,,14.82
PRJ-0149,June,2026-06-15,2.84,5.2,47.98,1185.68,28.58,2033-09-25,,26.6
PRJ-0149,July,2026-07-15,2.2,1.13,10.4,984.57,6.77,2032-07-25,,12.95
PRJ-0150,Feb,2026-02-15,1.15,0.0,0.0,1123.32,21.83,2037-04-17,,20.53
PRJ-0150,March,2026-03-15,2.29,0.23,2.09,1110.06,20.39,2037-03-17,,20.38
PRJ-0150,April,2026-04-15,3.44,4.3,39.68,1107.08,20.07,2037-02-17,,18.53
PRJ-0150,May,2026-05-15,1.53,2.44,22.52,1103.86,19.72,2037-02-17,,18.84
PRJ-0150,June,2026-06-15,5.54,12.31,113.53,1192.58,29.34,2037-03-17,,19.5
PRJ-0150,July,2026-07-15,0.63,0.0,0.0,1034.33,12.18,2037-03-17,,19.71
PRJ-0151,Feb,2026-02-15,13.21,7.26,127.1,2310.35,31.95,2032-10-26,,23.77
PRJ-0151,March,2026-03-15,26.42,29.61,518.46,2223.79,27.0,2032-03-26,,16.88
PRJ-0151,April,2026-04-15,39.63,42.63,746.46,2224.49,27.04,2032-01-26,,14.69
PRJ-0151,May,2026-05-15,52.84,55.27,967.69,2092.78,19.52,2031-10-26,,11.97
PRJ-0151,June,2026-06-15,56.23,61.32,1073.68,2375.55,35.67,2032-02-26,,16.24
PRJ-0151,July,2026-07-15,56.23,60.05,1051.44,1580.52,-9.73,2031-01-26,,3.46
PRJ-0152,Feb,2026-02-15,17.21,21.37,183.94,1119.7,30.06,2036-08-10,,18.08
PRJ-0152,March,2026-03-15,34.42,35.17,302.8,1097.83,27.52,2036-06-10,,16.09
PRJ-0152,April,2026-04-15,51.62,55.26,475.74,1099.55,27.72,2036-06-10,,16.09
PRJ-0152,May,2026-05-15,68.83,62.84,540.98,1082.1,25.69,2036-03-10,,12.72
PRJ-0152,June,2026-06-15,86.04,82.38,709.26,1279.67,48.64,2036-09-10,,19.3
PRJ-0152,July,2026-07-15,88.49,91.26,785.66,903.04,4.89,2035-07-10,,5.21
PRJ-0153,Feb,2026-02-15,92.24,93.67,1281.58,2126.71,55.44,2028-02-13,,23.9
PRJ-0153,March,2026-03-15,100.0,100.0,2102.81,2102.81,53.69,2026-03-18,2026-03-18,1.08
PRJ-0153,April,2026-04-15,100.0,100.0,2003.16,2003.16,46.41,2026-03-18,2026-03-18,1.08
PRJ-0153,May,2026-05-15,100.0,100.0,1882.07,1882.07,37.56,2026-03-18,2026-03-18,1.08
PRJ-0153,June,2026-06-15,100.0,100.0,2382.23,2382.23,74.12,2026-03-18,2026-03-18,1.08
PRJ-0153,July,2026-07-15,100.0,100.0,1389.96,1389.96,1.59,2026-03-18,2026-03-18,1.08
PRJ-0154,Feb,2026-02-15,8.34,10.12,116.66,1301.24,12.91,2036-05-19,,15.31
PRJ-0154,March,2026-03-15,16.68,17.92,206.56,1306.89,13.4,2036-06-19,,15.56
PRJ-0154,April,2026-04-15,25.02,26.47,305.03,1274.08,10.55,2036-01-19,,10.89
PRJ-0154,May,2026-05-15,33.35,31.45,362.42,1187.53,3.04,2036-01-19,,10.58
PRJ-0154,June,2026-06-15,36.6,39.81,458.76,1387.58,20.4,2036-05-19,,15.04
PRJ-0154,July,2026-07-15,36.6,35.42,408.22,1100.73,-4.49,2035-09-19,,6.97
PRJ-0155,Feb,2026-02-15,9.71,12.74,182.21,1748.91,22.28,2030-11-24,,20.37
PRJ-0155,March,2026-03-15,19.42,20.74,296.68,1748.42,22.24,2030-11-24,,19.81
PRJ-0155,April,2026-04-15,29.13,32.1,459.16,1781.66,24.56,2030-08-24,,17.19
PRJ-0155,May,2026-05-15,38.84,41.07,587.46,1711.43,19.65,2030-05-24,,13.99
PRJ-0155,June,2026-06-15,41.34,37.11,530.75,1684.71,17.79,2030-07-24,,15.86
PRJ-0155,July,2026-07-15,41.34,39.61,566.55,1413.91,-1.15,2029-10-24,,6.83
PRJ-0156,Feb,2026-02-15,25.79,25.62,163.58,996.7,56.12,2032-11-25,,28.68
PRJ-0156,March,2026-03-15,51.58,58.94,376.28,965.52,51.24,2032-07-25,,24.52
PRJ-0156,April,2026-04-15,77.37,80.52,514.06,923.4,44.64,2031-11-25,,16.94
PRJ-0156,May,2026-05-15,92.13,85.09,543.23,889.54,39.33,2031-06-25,,11.58
PRJ-0156,June,2026-06-15,92.13,87.42,558.1,1201.27,88.16,2033-02-25,,32.43
PRJ-0156,July,2026-07-15,92.13,79.56,507.9,647.81,1.47,2030-06-25,,0.0
PRJ-0157,Feb,2026-02-15,1.28,0.0,0.0,2682.07,13.2,2036-11-10,,16.76
PRJ-0157,March,2026-03-15,2.56,0.0,0.0,2609.06,10.12,2036-09-10,,15.38
PRJ-0157,April,2026-04-15,2.18,0.0,0.0,2535.05,7.0,2036-05-10,,10.94
PRJ-0157,May,2026-05-15,5.12,7.38,174.93,2473.19,4.39,2036-06-10,,11.53
PRJ-0157,June,2026-06-15,4.56,8.1,191.9,3207.9,35.4,2037-08-10,,26.45
PRJ-0157,July,2026-07-15,1.71,9.13,216.22,2092.82,-11.67,2035-12-10,,6.14
PRJ-0158,Feb,2026-02-15,0.85,0.0,0.0,5057.36,15.47,2033-05-27,,14.75
PRJ-0158,March,2026-03-15,1.7,0.92,40.45,4865.36,11.09,2033-04-27,,14.49
PRJ-0158,April,2026-04-15,2.56,3.73,163.27,4894.18,11.75,2033-06-27,,16.34
PRJ-0158,May,2026-05-15,2.74,2.26,98.9,4589.07,4.78,2033-04-27,,14.07
PRJ-0158,June,2026-06-15,2.74,2.37,103.66,5661.73,29.27,2034-02-27,,24.07
PRJ-0158,July,2026-07-15,1.67,4.84,212.03,3729.03,-14.86,2032-08-27,,5.62
PRJ-0159,Feb,2026-02-15,23.09,20.85,787.23,4148.2,9.85,2037-01-09,,14.89
PRJ-0159,March,2026-03-15,46.18,43.85,1655.76,4033.3,6.81,2036-10-09,,12.11
PRJ-0159,April,2026-04-15,69.27,67.84,2561.78,4085.07,8.18,2036-05-09,,7.12
PRJ-0159,May,2026-05-15,84.11,73.13,2761.62,3998.94,5.9,2035-12-09,,2.16
PRJ-0159,June,2026-06-15,84.11,82.69,3122.48,4886.83,29.41,2036-11-09,,12.69
PRJ-0159,July,2026-07-15,84.11,82.83,3127.78,3560.96,-5.7,2035-10-09,,0.0
PRJ-0160,Feb,2026-02-15,13.62,16.87,146.24,995.34,14.81,2032-08-03,,15.45
PRJ-0160,March,2026-03-15,27.23,26.78,232.19,966.64,11.5,2032-06-03,,12.55
PRJ-0160,April,2026-04-15,40.85,40.09,347.59,954.12,10.06,2032-04-03,,11.12
PRJ-0160,May,2026-05-15,54.46,49.54,429.49,950.32,9.62,2031-12-03,,6.73
PRJ-0160,June,2026-06-15,68.08,71.54,620.23,1120.17,29.21,2032-08-03,,14.55
PRJ-0160,July,2026-07-15,81.69,75.97,658.65,825.62,-4.77,2031-09-03,,4.1
PRJ-0161,Feb,2026-02-15,6.49,11.31,179.85,1903.28,19.73,2036-03-10,,18.86
PRJ-0161,March,2026-03-15,12.98,17.22,273.76,1822.98,14.68,2035-09-10,,12.58
PRJ-0161,April,2026-04-15,19.47,20.27,322.29,1863.49,17.23,2035-06-10,,10.39
PRJ-0161,May,2026-05-15,25.97,28.58,454.34,1796.69,13.03,2035-09-10,,12.97
PRJ-0161,June,2026-06-15,26.8,23.4,372.03,2199.24,38.35,2036-04-10,,19.59
PRJ-0161,July,2026-07-15,26.8,26.93,428.09,1592.95,0.21,2035-04-10,,8.16
PRJ-0162,Feb,2026-02-15,26.48,14.04,909.67,8533.84,31.71,2032-12-10,,21.39
PRJ-0162,March,2026-03-15,52.96,57.53,3727.35,8596.32,32.68,2032-06-10,,15.32
PRJ-0162,April,2026-04-15,79.45,82.83,5366.66,8542.07,31.84,2032-04-10,,12.72
PRJ-0162,May,2026-05-15,95.15,95.25,6171.33,8376.1,29.28,2032-03-10,,11.92
PRJ-0162,June,2026-06-15,95.15,99.05,6417.21,9079.91,40.14,2032-05-10,,13.71
PRJ-0162,July,2026-07-15,95.15,99.5,6446.66,7672.45,18.42,2031-09-10,,5.82
PRJ-0163,Feb,2026-02-15,51.05,53.37,1357.98,3052.33,19.97,2036-01-19,,10.11
PRJ-0163,March,2026-03-15,95.68,92.99,2365.95,3018.29,18.63,2036-01-19,,9.98
PRJ-0163,April,2026-04-15,95.68,98.71,2511.52,2991.53,17.58,2035-08-19,,5.37
PRJ-0163,May,2026-05-15,95.68,94.7,2409.38,2977.03,17.01,2035-12-19,,9.04
PRJ-0163,June,2026-06-15,95.68,90.42,2300.47,3198.82,25.72,2035-09-19,,5.63
PRJ-0163,July,2026-07-15,95.68,92.43,2351.77,2742.85,7.8,2035-03-19,,0.02
PRJ-0164,Feb,2026-02-15,7.89,7.71,39.86,611.93,18.39,2030-11-20,,19.23
PRJ-0164,March,2026-03-15,15.77,18.29,94.55,602.87,16.64,2030-06-20,,14.45
PRJ-0164,April,2026-04-15,23.66,22.37,115.63,571.31,10.53,2030-04-20,,12.44
PRJ-0164,May,2026-05-15,31.54,24.49,126.6,563.06,8.94,2030-03-20,,10.87
PRJ-0164,June,2026-06-15,39.43,33.56,173.48,786.13,52.09,2031-04-20,,24.21
PRJ-0164,July,2026-07-15,47.31,46.42,239.93,380.98,-26.29,2029-04-20,,0.0
PRJ-0165,Feb,2026-02-15,28.33,23.58,304.56,1561.17,20.87,2030-09-16,,16.27
PRJ-0165,March,2026-03-15,46.33,41.54,536.46,1527.53,18.27,2030-04-16,,10.75
PRJ-0165,April,2026-04-15,46.33,50.08,646.81,1533.76,18.75,2030-07-16,,14.16
PRJ-0165,May,2026-05-15,46.33,41.94,541.63,1544.35,19.57,2030-05-16,,12.21
PRJ-0165,June,2026-06-15,46.33,43.82,565.94,1717.38,32.97,2030-10-16,,17.42
PRJ-0165,July,2026-07-15,46.33,44.94,580.39,1404.15,8.72,2030-03-16,,9.94
PRJ-0166,Feb,2026-02-15,9.79,12.25,236.59,2541.66,31.57,2031-08-28,,24.39
PRJ-0166,March,2026-03-15,19.58,17.79,343.76,2523.08,30.61,2030-12-28,,16.2
PRJ-0166,April,2026-04-15,29.37,29.47,569.29,2447.8,26.71,2031-02-28,,18.19
PRJ-0166,May,2026-05-15,39.16,44.12,852.26,2441.91,26.41,2031-02-28,,18.11
PRJ-0166,June,2026-06-15,48.94,46.89,905.86,3272.99,69.43,2032-02-28,,30.24
PRJ-0166,July,2026-07-15,58.73,60.73,1173.27,1730.86,-10.4,2029-10-28,,2.03
PRJ-0167,Feb,2026-02-15,3.32,4.07,41.15,1126.19,11.25,2035-01-27,,12.91
PRJ-0167,March,2026-03-15,6.63,11.12,112.6,1097.54,8.42,2035-05-27,,16.54
PRJ-0167,April,2026-04-15,9.95,15.93,161.28,1119.83,10.62,2035-05-27,,16.64
PRJ-0167,May,2026-05-15,13.27,9.62,97.39,1117.81,10.42,2035-06-27,,17.52
PRJ-0167,June,2026-06-15,16.58,15.04,152.24,1275.26,25.98,2035-06-27,,17.76
PRJ-0167,July,2026-07-15,18.85,12.16,123.11,1009.77,-0.25,2034-11-27,,11.05
PRJ-0168,Feb,2026-02-15,8.0,7.9,181.05,2921.12,27.49,2036-02-08,,22.35
PRJ-0168,March,2026-03-15,16.01,12.69,290.68,2850.42,24.41,2035-10-08,,18.47
PRJ-0168,April,2026-04-15,19.22,23.71,543.28,2632.42,14.89,2035-11-08,,19.04
PRJ-0168,May,2026-05-15,19.22,10.72,245.6,2571.99,12.25,2035-07-08,,15.2
PRJ-0168,June,2026-06-15,19.22,16.57,379.56,4294.29,87.42,2037-10-08,,41.55
PRJ-0168,July,2026-07-15,19.22,17.27,395.62,1726.25,-24.66,2034-04-08,,0.0
PRJ-0169,Feb,2026-02-15,11.66,9.87,48.3,517.59,5.77,2033-02-01,,11.38
PRJ-0169,March,2026-03-15,23.31,25.56,125.07,528.22,7.95,2033-05-01,,14.24
PRJ-0169,April,2026-04-15,34.12,36.47,178.46,511.33,4.49,2033-01-01,,9.87
PRJ-0169,May,2026-05-15,34.12,41.72,204.17,490.06,0.15,2032-08-01,,5.08
PRJ-0169,June,2026-06-15,34.12,35.68,174.61,637.08,30.19,2033-10-01,,19.02
PRJ-0169,July,2026-07-15,34.12,37.43,183.17,413.49,-15.5,2032-03-01,,0.0
PRJ-0170,Feb,2026-02-15,12.92,11.72,190.78,2118.38,30.15,2035-11-27,,19.61
PRJ-0170,March,2026-03-15,25.84,26.78,435.84,2097.81,28.88,2035-07-27,,15.83
PRJ-0170,April,2026-04-15,38.76,40.46,658.5,2005.99,23.24,2035-05-27,,13.85
PRJ-0170,May,2026-05-15,51.68,54.8,891.98,2008.25,23.38,2035-02-27,,11.44
PRJ-0170,June,2026-06-15,64.6,71.29,1160.44,2371.23,45.68,2035-12-27,,20.94
PRJ-0170,July,2026-07-15,77.51,73.78,1200.89,1715.77,5.41,2034-07-27,,3.57
PRJ-0171,Feb,2026-02-15,19.13,22.42,225.84,1061.71,5.42,2029-03-03,,7.83
PRJ-0171,March,2026-03-15,38.25,41.53,418.28,1061.25,5.38,2029-07-03,,11.8
PRJ-0171,April,2026-04-15,57.38,61.43,618.68,1020.85,1.36,2028-10-03,,2.65
PRJ-0171,May,2026-05-15,76.5,73.42,739.38,1000.92,-0.61,2028-07-03,,0.0
PRJ-0171,June,2026-06-15,95.63,95.65,963.28,1208.49,20.0,2029-01-03,,5.87
PRJ-0171,July,2026-07-15,97.51,90.28,909.24,808.14,-19.76,2028-07-03,,0.0
PRJ-0172,Feb,2026-02-15,31.83,31.96,162.11,715.34,41.02,2037-03-27,,22.5
PRJ-0172,March,2026-03-15,63.67,62.11,315.05,697.68,37.54,2036-10-27,,17.64
PRJ-0172,April,2026-04-15,88.37,84.18,427.0,680.55,34.16,2036-07-27,,14.96
PRJ-0172,May,2026-05-15,88.37,87.5,443.85,653.39,28.81,2036-03-27,,10.89
PRJ-0172,June,2026-06-15,88.37,79.9,405.28,975.72,92.35,2038-03-27,,35.5
PRJ-0172,July,2026-07-15,88.37,93.25,473.03,444.88,-12.3,2035-04-27,,0.0
PRJ-0173,Feb,2026-02-15,15.13,11.19,90.24,859.99,6.69,2029-05-06,,11.25
PRJ-0173,March,2026-03-15,30.26,29.38,236.82,860.05,6.69,2029-06-06,,12.13
PRJ-0173,April,2026-04-15,45.39,41.49,334.44,863.33,7.1,2029-02-06,,7.57
PRJ-0173,May,2026-05-15,47.53,55.65,448.63,820.2,1.75,2029-02-06,,7.52
PRJ-0173,June,2026-06-15,47.53,42.17,339.95,831.91,3.2,2029-01-06,,7.41
PRJ-0173,July,2026-07-15,47.53,46.52,375.01,663.99,-17.63,2028-08-06,,2.28
PRJ-0174,Feb,2026-02-15,1.02,1.06,5.47,746.33,44.75,2034-11-23,,29.13
PRJ-0174,March,2026-03-15,1.89,4.23,21.81,742.79,44.06,2034-11-23,,28.8
PRJ-0174,April,2026-04-15,3.06,0.23,1.17,709.67,37.64,2034-08-23,,26.11
PRJ-0174,May,2026-05-15,4.08,0.0,0.0,688.87,33.6,2034-05-23,,22.62
PRJ-0174,June,2026-06-15,3.25,1.21,6.22,799.83,55.12,2035-04-23,,33.87
PRJ-0174,July,2026-07-15,3.24,8.73,45.03,580.06,12.5,2033-11-23,,16.51
PRJ-0175,Feb,2026-02-15,24.61,26.49,253.99,1177.31,22.78,2033-01-24,,16.66
PRJ-0175,March,2026-03-15,49.23,47.29,453.43,1113.22,16.1,2032-10-24,,13.88
PRJ-0175,April,2026-04-15,73.84,74.29,712.36,1095.8,14.28,2032-07-24,,11.31
PRJ-0175,May,2026-05-15,93.81,93.81,899.57,1082.45,12.89,2031-11-24,,2.65
PRJ-0175,June,2026-06-15,93.81,93.47,896.29,1334.45,39.17,2032-11-24,,14.55
PRJ-0175,July,2026-07-15,93.81,96.45,924.85,905.33,-5.58,2031-08-24,,0.0
PRJ-0176,Feb,2026-02-15,78.31,77.94,860.26,1302.29,17.99,2027-01-12,,8.04
PRJ-0176,March,2026-03-15,84.42,92.66,1022.73,1274.13,15.44,2026-12-12,,6.9
PRJ-0176,April,2026-04-15,95.71,99.5,1098.18,1314.32,19.08,2026-09-12,,3.71
PRJ-0176,May,2026-05-15,100.0,100.0,1253.89,1253.89,13.61,2026-05-12,2026-05-12,0.0
PRJ-0176,June,2026-06-15,100.0,100.0,1421.75,1421.75,28.82,2026-05-12,2026-05-12,0.0
PRJ-0176,July,2026-07-15,100.0,100.0,1140.48,1140.48,3.33,2026-05-12,2026-05-12,0.0
PRJ-0177,Feb,2026-02-15,7.54,7.97,39.74,537.23,7.7,2037-05-08,,14.81
PRJ-0177,March,2026-03-15,15.08,17.36,86.61,555.47,11.35,2037-07-08,,16.99
PRJ-0177,April,2026-04-15,22.62,22.91,114.26,567.86,13.84,2037-02-08,,11.79
PRJ-0177,May,2026-05-15,30.16,29.28,146.07,564.74,13.21,2037-04-08,,13.51
PRJ-0177,June,2026-06-15,34.25,30.51,152.2,632.11,26.72,2037-05-08,,14.86
PRJ-0177,July,2026-07-15,34.25,33.31,166.18,540.15,8.28,2036-10-08,,7.85
PRJ-0178,Feb,2026-02-15,13.99,18.78,205.9,1438.07,31.17,2032-03-24,,23.0
PRJ-0178,March,2026-03-15,27.99,31.69,347.45,1422.25,29.72,2031-07-24,,15.09
PRJ-0178,April,2026-04-15,41.98,43.55,477.48,1396.35,27.36,2031-11-24,,18.56
PRJ-0178,May,2026-05-15,55.98,56.17,615.86,1344.07,22.59,2031-05-24,,12.64
PRJ-0178,June,2026-06-15,69.97,68.73,753.48,1844.69,68.25,2032-09-24,,29.23
PRJ-0178,July,2026-07-15,83.97,81.8,896.83,996.02,-9.15,2030-07-24,,2.81
PRJ-0179,Feb,2026-02-15,2.79,6.08,87.5,1874.39,30.25,2033-12-25,,24.36
PRJ-0179,March,2026-03-15,5.58,18.55,266.92,1831.14,27.24,2033-11-25,,22.97
PRJ-0179,April,2026-04-15,8.37,4.87,70.09,1802.58,25.26,2033-08-25,,19.64
PRJ-0179,May,2026-05-15,11.17,18.0,259.09,1789.93,24.38,2033-10-25,,22.15
PRJ-0179,June,2026-06-15,13.96,8.93,128.57,2137.73,48.55,2034-04-25,,28.29
PRJ-0179,July,2026-07-15,16.75,10.8,155.4,1496.82,4.01,2032-12-25,,11.87
PRJ-0180,Feb,2026-02-15,28.21,31.7,406.64,1579.28,23.1,2036-05-28,,18.92
PRJ-0180,March,2026-03-15,56.41,58.77,754.02,1543.23,20.29,2035-09-28,,11.01
PRJ-0180,April,2026-04-15,84.62,85.11,1091.91,1478.8,15.27,2035-04-28,,6.25
PRJ-0180,May,2026-05-15,93.49,99.5,1276.49,1418.62,10.58,2034-11-28,,1.43
PRJ-0180,June,2026-06-15,93.49,89.51,1148.33,1925.4,50.08,2036-06-28,,20.13
PRJ-0180,July,2026-07-15,93.49,95.01,1218.84,1061.05,-17.29,2034-10-28,,0.0
PRJ-0181,Feb,2026-02-15,2.1,6.06,1749.4,39815.05,37.88,2034-01-05,,27.39
PRJ-0181,March,2026-03-15,4.21,11.43,3299.39,38876.69,34.63,2033-10-05,,23.88
PRJ-0181,April,2026-04-15,0.05,5.45,1574.57,37093.86,28.45,2033-09-05,,23.38
PRJ-0181,May,2026-05-15,7.46,3.33,960.23,35797.14,23.96,2033-06-05,,20.48
PRJ-0181,June,2026-06-15,5.17,5.06,1461.81,50498.78,74.88,2035-02-05,,39.73
PRJ-0181,July,2026-07-15,7.61,12.92,3732.26,26313.43,-8.88,2032-02-05,,4.12
PRJ-0182,Feb,2026-02-15,42.64,44.75,437.59,1326.25,35.63,2030-04-01,,20.47
PRJ-0182,March,2026-03-15,74.46,76.05,743.67,1345.18,37.57,2030-01-01,,16.82
PRJ-0182,April,2026-04-15,74.46,78.87,771.19,1356.35,38.71,2029-10-01,,14.49
PRJ-0182,May,2026-05-15,74.46,78.03,762.97,1332.1,36.23,2029-12-01,,16.37
PRJ-0182,June,2026-06-15,74.46,75.21,735.42,1487.35,52.1,2030-06-01,,21.7
PRJ-0182,July,2026-07-15,74.46,66.38,649.12,1216.25,24.38,2029-07-01,,11.44
PRJ-0183,Feb,2026-02-15,27.8,27.78,625.27,2658.44,18.11,2036-12-06,,16.74
PRJ-0183,March,2026-03-15,55.6,55.37,1246.23,2590.13,15.08,2036-05-06,,9.75
PRJ-0183,April,2026-04-15,81.28,79.28,1784.3,2598.92,15.47,2036-03-06,,7.94
PRJ-0183,May,2026-05-15,81.28,79.99,1800.3,2608.8,15.91,2036-03-06,,8.4
PRJ-0183,June,2026-06-15,81.28,79.08,1779.95,2923.33,29.88,2036-11-06,,16.33
PRJ-0183,July,2026-07-15,81.28,88.41,1989.89,2232.42,-0.81,2035-10-06,,3.46
PRJ-0184,Feb,2026-02-15,11.23,16.13,105.63,778.66,18.93,2033-03-18,,15.94
PRJ-0184,March,2026-03-15,22.47,23.99,157.03,754.57,15.25,2033-05-18,,17.7
PRJ-0184,April,2026-04-15,33.7,28.69,187.86,757.3,15.67,2032-12-18,,12.91
PRJ-0184,May,2026-05-15,44.94,43.87,287.19,715.64,9.31,2032-12-18,,13.07
PRJ-0184,June,2026-06-15,56.17,49.69,325.35,687.98,5.08,2032-04-18,,5.38
PRJ-0184,July,2026-07-15,61.13,63.61,416.46,585.67,-10.54,2032-01-18,,1.85
PRJ-0185,Feb,2026-02-15,14.88,8.54,165.86,2698.22,38.92,2033-06-24,,23.9
PRJ-0185,March,2026-03-15,29.76,31.78,617.3,2544.38,31.0,2033-03-24,,20.83
PRJ-0185,April,2026-04-15,44.64,42.5,825.48,2522.82,29.89,2033-01-24,,18.96
PRJ-0185,May,2026-05-15,59.52,52.95,1028.4,2431.41,25.19,2032-09-24,,14.9
PRJ-0185,June,2026-06-15,63.47,62.43,1212.6,3478.87,79.12,2033-12-24,,29.65
PRJ-0185,July,2026-07-15,63.47,58.67,1139.51,1763.98,-9.18,2031-07-24,,0.81
PRJ-0186,Feb,2026-02-15,7.99,3.64,23.82,885.72,35.5,2032-05-27,,25.5
PRJ-0186,March,2026-03-15,15.98,13.28,86.81,842.23,28.84,2031-10-27,,19.0
PRJ-0186,April,2026-04-15,23.97,25.26,165.13,819.49,25.36,2031-10-27,,18.97
PRJ-0186,May,2026-05-15,31.96,26.64,174.14,788.99,20.7,2031-08-27,,16.87
PRJ-0186,June,2026-06-15,39.95,44.6,291.51,1422.13,117.56,2034-02-27,,46.94
PRJ-0186,July,2026-07-15,47.94,47.8,312.48,448.94,-31.32,2030-03-27,,0.0
PRJ-0187,Feb,2026-02-15,7.37,9.87,626.15,7659.92,20.73,2031-06-16,,20.17
PRJ-0187,March,2026-03-15,14.74,14.1,894.58,7465.41,17.66,2030-12-16,,14.29
PRJ-0187,April,2026-04-15,22.12,18.21,1155.7,7272.49,14.62,2031-01-16,,15.44
PRJ-0187,May,2026-05-15,29.49,35.39,2245.74,7192.55,13.36,2030-12-16,,13.88
PRJ-0187,June,2026-06-15,36.86,35.67,2263.26,8917.92,40.55,2031-07-16,,20.81
PRJ-0187,July,2026-07-15,44.23,42.69,2708.32,6073.61,-4.27,2030-04-16,,5.73
PRJ-0188,Feb,2026-02-15,1.49,0.48,6.62,3902.87,180.0,2040-04-09,,70.11
PRJ-0188,March,2026-03-15,2.99,0.81,11.27,3902.87,180.0,2040-10-09,,76.21
PRJ-0188,April,2026-04-15,4.48,2.08,28.95,3902.87,180.0,2040-10-09,,75.64
PRJ-0188,May,2026-05-15,4.84,1.77,24.68,3646.81,161.63,2040-01-09,,67.0
PRJ-0188,June,2026-06-15,0.55,0.0,0.0,3271.09,134.67,2039-04-09,,57.59
PRJ-0188,July,2026-07-15,3.54,0.0,0.0,723.28,-48.11,2034-06-09,,0.0
PRJ-0189,Feb,2026-02-15,14.61,13.0,1794.49,17963.01,30.09,2036-06-07,,20.93
PRJ-0189,March,2026-03-15,29.22,32.47,4483.03,17927.42,29.83,2036-02-07,,16.96
PRJ-0189,April,2026-04-15,43.83,46.39,6405.39,17275.74,25.11,2035-11-07,,13.92
PRJ-0189,May,2026-05-15,58.44,57.79,7980.38,16894.11,22.35,2035-07-07,,9.99
PRJ-0189,June,2026-06-15,73.04,73.91,10206.04,18987.84,37.51,2036-01-07,,15.91
PRJ-0189,July,2026-07-15,87.65,84.78,11706.27,12662.19,-8.3,2034-09-07,,0.0
PRJ-0190,Feb,2026-02-15,21.78,24.19,732.28,3420.11,12.96,2034-08-11,,11.51
PRJ-0190,March,2026-03-15,43.55,50.23,1520.94,3420.72,12.98,2034-11-11,,14.74
PRJ-0190,April,2026-04-15,65.33,66.68,2018.84,3480.34,14.95,2034-03-11,,7.38
PRJ-0190,May,2026-05-15,87.1,86.47,2618.15,3464.29,14.42,2034-04-11,,7.71
PRJ-0190,June,2026-06-15,97.82,97.13,2940.83,3399.62,12.28,2034-01-11,,4.89
PRJ-0190,July,2026-07-15,97.82,99.5,3012.65,3347.96,10.57,2033-11-11,,2.8
PRJ-0191,Feb,2026-02-15,10.28,11.06,790.65,8395.5,17.47,2032-06-24,,18.61
PRJ-0191,March,2026-03-15,20.56,14.3,1022.22,8268.34,15.69,2032-03-24,,16.27
PRJ-0191,April,2026-04-15,30.84,30.51,2180.31,8311.67,16.3,2032-02-24,,14.81
PRJ-0191,May,2026-05-15,41.12,37.73,2696.77,7959.08,11.36,2031-12-24,,13.1
PRJ-0191,June,2026-06-15,51.4,53.36,3813.39,9763.87,36.62,2032-09-24,,21.65
PRJ-0191,July,2026-07-15,61.67,59.47,4250.03,6649.71,-6.96,2031-01-24,,2.48
PRJ-0192,Feb,2026-02-15,25.15,24.4,73.84,319.52,5.57,2036-11-10,,9.5
PRJ-0192,March,2026-03-15,50.3,48.96,148.2,317.36,4.86,2037-01-10,,11.04
PRJ-0192,April,2026-04-15,75.44,77.98,236.01,319.59,5.59,2036-08-10,,5.66
PRJ-0192,May,2026-05-15,95.85,90.81,274.85,310.68,2.65,2036-03-10,,0.99
PRJ-0192,June,2026-06-15,95.85,96.77,292.89,384.88,27.17,2037-01-10,,10.94
PRJ-0192,July,2026-07-15,95.85,93.09,281.74,278.23,-8.07,2036-02-10,,0.0
PRJ-0193,Feb,2026-02-15,35.22,37.87,285.19,872.97,15.92,2031-08-22,,9.97
PRJ-0193,March,2026-03-15,47.6,52.51,395.44,860.24,14.23,2031-10-22,,12.07
PRJ-0193,April,2026-04-15,47.6,50.29,378.73,815.98,8.36,2031-11-22,,13.05
PRJ-0193,May,2026-05-15,47.6,53.67,404.2,838.56,11.35,2031-03-22,,4.72
PRJ-0193,June,2026-06-15,47.6,47.56,358.17,1025.72,36.21,2031-12-22,,14.26
PRJ-0193,July,2026-07-15,47.6,52.2,393.1,804.73,6.86,2031-07-22,,9.42
PRJ-0194,Feb,2026-02-15,0.97,0.0,0.0,1143.72,11.52,2036-05-28,,15.57
PRJ-0194,March,2026-03-15,1.94,0.62,6.32,1076.9,5.01,2036-03-28,,13.53
PRJ-0194,April,2026-04-15,2.92,4.43,45.46,1081.91,5.5,2036-03-28,,14.06
PRJ-0194,May,2026-05-15,3.89,5.03,51.63,1047.85,2.18,2036-03-28,,14.3
PRJ-0194,June,2026-06-15,4.86,6.13,62.89,1475.6,43.89,2037-03-28,,26.4
PRJ-0194,July,2026-07-15,3.7,5.8,59.44,805.08,-21.5,2035-04-28,,2.92
PRJ-0195,Feb,2026-02-15,1.59,7.72,61.24,970.14,22.29,2034-01-21,,22.35
PRJ-0195,March,2026-03-15,1.62,0.0,0.0,990.44,24.85,2034-03-21,,24.12
PRJ-0195,April,2026-04-15,2.81,1.73,13.72,968.08,22.03,2034-01-21,,22.25
PRJ-0195,May,2026-05-15,3.28,12.08,95.87,971.05,22.4,2033-11-21,,19.94
PRJ-0195,June,2026-06-15,5.57,3.12,24.75,1063.7,34.08,2033-11-21,,19.57
PRJ-0195,July,2026-07-15,6.76,11.34,89.98,866.65,9.24,2033-07-21,,15.62
PRJ-0196,Feb,2026-02-15,23.98,25.52,151.58,775.52,30.55,2031-01-25,,24.95
PRJ-0196,March,2026-03-15,47.97,47.0,279.23,764.96,28.77,2030-04-25,,16.3
PRJ-0196,April,2026-04-15,71.95,76.1,452.08,738.07,24.24,2030-01-25,,12.79
PRJ-0196,May,2026-05-15,74.62,77.81,462.25,712.57,19.95,2029-10-25,,10.06
PRJ-0196,June,2026-06-15,74.62,75.23,446.9,1079.55,81.72,2031-08-25,,32.04
PRJ-0196,July,2026-07-15,74.62,72.45,430.39,436.46,-26.53,2028-12-25,,0.0
PRJ-0197,Feb,2026-02-15,4.28,0.0,0.0,1083.36,11.61,2034-02-09,,17.82
PRJ-0197,March,2026-03-15,8.55,13.08,126.98,1064.03,9.62,2033-12-09,,15.51
PRJ-0197,April,2026-04-15,12.83,14.91,144.74,1032.41,6.36,2033-10-09,,14.42
PRJ-0197,May,2026-05-15,16.37,10.37,100.63,963.17,-0.77,2033-04-09,,8.29
PRJ-0197,June,2026-06-15,16.37,17.92,173.98,1114.84,14.85,2033-12-09,,15.88
PRJ-0197,July,2026-07-15,16.37,20.97,203.5,856.44,-11.77,2032-12-09,,4.17
PRJ-0198,Feb,2026-02-15,73.9,74.37,632.38,1157.08,36.07,2027-10-01,,16.1
PRJ-0198,March,2026-03-15,73.53,71.13,604.86,1137.21,33.73,2027-08-01,,14.43
PRJ-0198,April,2026-04-15,79.13,74.39,632.58,1067.41,25.52,2027-04-01,,10.4
PRJ-0198,May,2026-05-15,88.32,95.39,811.17,1051.57,23.66,2027-05-01,,10.76
PRJ-0198,June,2026-06-15,93.71,90.8,772.13,1510.61,77.64,2029-01-01,,30.68
PRJ-0198,July,2026-07-15,100.0,100.0,792.23,792.23,-6.84,2026-07-13,2026-07-13,1.38
PRJ-0199,Feb,2026-02-15,5.33,6.97,130.38,2213.42,18.38,2029-12-17,,16.85
PRJ-0199,March,2026-03-15,10.66,13.47,251.81,2174.5,16.3,2030-02-17,,18.66
PRJ-0199,April,2026-04-15,15.99,14.49,270.85,2182.8,16.74,2029-09-17,,14.02
PRJ-0199,May,2026-05-15,21.33,19.08,356.69,2167.29,15.91,2029-08-17,,12.99
PRJ-0199,June,2026-06-15,23.09,24.96,466.7,2422.22,29.55,2030-04-17,,20.72
PRJ-0199,July,2026-07-15,23.09,26.18,489.47,2030.71,8.61,2029-06-17,,11.42
PRJ-0200,Feb,2026-02-15,1.26,2.09,25.9,1670.15,34.85,2032-02-09,,24.45
PRJ-0200,March,2026-03-15,2.48,1.78,22.09,1580.45,27.61,2031-07-09,,17.41
PRJ-0200,April,2026-04-15,3.77,0.69,8.51,1558.29,25.82,2031-11-09,,20.51
PRJ-0200,May,2026-05-15,1.93,0.0,0.0,1459.58,17.85,2031-07-09,,17.46
PRJ-0200,June,2026-06-15,6.18,8.1,100.34,2089.61,68.72,2033-04-09,,38.19
PRJ-0200,July,2026-07-15,2.29,6.14,76.05,1036.88,-16.28,2030-11-09,,8.92
PRJ-0201,Feb,2026-02-15,11.09,11.01,190.98,2424.3,39.71,2032-10-14,,26.84
PRJ-0201,March,2026-03-15,22.18,26.98,468.15,2308.05,33.01,2032-06-14,,23.3
PRJ-0201,April,2026-04-15,33.27,35.21,610.88,2173.77,25.28,2031-11-14,,15.64
PRJ-0201,May,2026-05-15,44.37,43.22,749.88,2084.02,20.1,2031-11-14,,16.36
PRJ-0201,June,2026-06-15,55.46,63.53,1102.35,2988.0,72.2,2033-02-14,,30.97
PRJ-0201,July,2026-07-15,61.08,61.79,1072.22,1548.69,-10.75,2030-08-14,,0.95
PRJ-0202,Feb,2026-02-15,20.01,23.14,163.01,868.13,23.25,2035-05-13,,20.84
PRJ-0202,March,2026-03-15,40.02,47.92,337.57,844.47,19.89,2034-12-13,,15.95
PRJ-0202,April,2026-04-15,60.04,63.35,446.24,812.23,15.31,2034-10-13,,13.57
PRJ-0202,May,2026-05-15,80.05,84.8,597.3,809.95,14.99,2034-04-13,,7.69
PRJ-0202,June,2026-06-15,98.54,99.5,700.86,1221.2,73.37,2036-01-13,,29.2
PRJ-0202,July,2026-07-15,98.54,99.5,700.86,503.05,-28.58,2033-08-13,,0.0
PRJ-0203,Feb,2026-02-15,0.79,1.03,10.6,1168.15,13.12,2037-05-13,,16.77
PRJ-0203,March,2026-03-15,1.59,0.41,4.24,1164.58,12.78,2037-04-13,,15.8
PRJ-0203,April,2026-04-15,0.22,11.06,114.24,1168.61,13.17,2037-02-13,,14.17
PRJ-0203,May,2026-05-15,0.31,0.0,0.0,1103.78,6.89,2037-02-13,,14.17
PRJ-0203,June,2026-06-15,1.07,3.44,35.51,1288.83,24.81,2037-09-13,,20.9
PRJ-0203,July,2026-07-15,2.66,0.0,0.0,1005.44,-2.63,2036-10-13,,10.27
PRJ-0204,Feb,2026-02-15,8.96,0.0,0.0,810.63,70.91,2035-04-04,,38.19
PRJ-0204,March,2026-03-15,17.92,21.29,100.99,748.34,57.78,2034-06-04,,28.3
PRJ-0204,April,2026-04-15,26.88,39.71,188.34,724.18,52.69,2034-01-04,,22.67
PRJ-0204,May,2026-05-15,35.84,28.61,135.67,683.7,44.15,2034-02-04,,24.01
PRJ-0204,June,2026-06-15,44.8,45.32,214.93,1063.92,124.32,2036-02-04,,48.31
PRJ-0204,July,2026-07-15,53.76,47.96,227.48,299.1,-36.94,2032-02-04,,0.0
PRJ-0205,Feb,2026-02-15,0.73,0.75,18.57,2727.93,10.05,2033-12-27,,14.64
PRJ-0205,March,2026-03-15,1.47,0.0,0.0,2598.52,4.83,2033-08-27,,10.71
PRJ-0205,April,2026-04-15,2.2,8.2,203.18,2547.97,2.79,2033-09-27,,12.3
PRJ-0205,May,2026-05-15,2.94,0.0,0.0,2544.31,2.64,2033-11-27,,13.71
PRJ-0205,June,2026-06-15,3.09,1.17,28.95,2975.98,20.05,2034-04-27,,19.01
PRJ-0205,July,2026-07-15,1.05,0.0,0.0,2211.29,-10.79,2033-07-27,,9.94
PRJ-0206,Feb,2026-02-15,1.21,0.99,5.3,648.52,21.63,2034-09-22,,21.15
PRJ-0206,March,2026-03-15,2.41,0.0,0.0,636.89,19.45,2034-08-22,,19.61
PRJ-0206,April,2026-04-15,3.62,0.0,0.0,607.48,13.93,2034-04-22,,16.06
PRJ-0206,May,2026-05-15,4.83,0.0,0.0,606.66,13.78,2034-06-22,,17.65
PRJ-0206,June,2026-06-15,6.04,6.22,33.18,733.16,37.5,2034-11-22,,22.67
PRJ-0206,July,2026-07-15,7.24,11.35,60.5,485.44,-8.96,2033-05-22,,4.97
PRJ-0207,Feb,2026-02-15,7.97,8.32,164.71,3169.43,60.16,2031-06-28,,30.81
PRJ-0207,March,2026-03-15,15.93,7.13,141.01,3089.16,56.11,2031-05-28,,30.42
PRJ-0207,April,2026-04-15,23.9,29.66,586.97,2909.31,47.02,2031-01-28,,26.37
PRJ-0207,May,2026-05-15,31.87,29.33,580.33,2748.46,38.89,2030-08-28,,21.18
PRJ-0207,June,2026-06-15,39.84,36.61,724.42,3547.09,79.25,2031-11-28,,36.47
PRJ-0207,July,2026-07-15,47.8,47.56,941.08,2102.06,6.23,2029-05-28,,5.75
PRJ-0208,Feb,2026-02-15,2.15,0.0,0.0,853.54,-6.59,2031-12-22,,13.41
PRJ-0208,March,2026-03-15,4.29,6.87,62.78,863.39,-5.51,2031-07-22,,8.48
PRJ-0208,April,2026-04-15,6.44,5.5,50.29,855.97,-6.32,2031-10-22,,11.22
PRJ-0208,May,2026-05-15,8.59,5.1,46.63,868.93,-4.91,2031-09-22,,9.56
PRJ-0208,June,2026-06-15,10.73,17.3,158.11,888.59,-2.75,2031-09-22,,10.46
PRJ-0208,July,2026-07-15,12.88,15.76,143.97,896.25,-1.92,2031-06-22,,7.48
PRJ-0209,Feb,2026-02-15,41.61,49.81,213.24,443.02,3.49,2028-11-16,,5.33
PRJ-0209,March,2026-03-15,71.46,62.65,268.18,429.89,0.42,2028-10-16,,4.3
PRJ-0209,April,2026-04-15,71.46,67.17,287.53,415.02,-3.05,2028-06-16,,0.0
PRJ-0209,May,2026-05-15,71.46,74.31,318.09,407.4,-4.83,2028-11-16,,5.36
PRJ-0209,June,2026-06-15,71.46,72.33,309.65,542.28,26.68,2029-04-16,,10.18
PRJ-0209,July,2026-07-15,71.46,69.38,297.02,303.14,-29.19,2028-06-16,,0.0
PRJ-0210,Feb,2026-02-15,13.19,14.42,581.36,3921.31,-2.72,2033-01-05,,9.81
PRJ-0210,March,2026-03-15,26.39,36.17,1457.97,3779.94,-6.23,2032-12-05,,9.26
PRJ-0210,April,2026-04-15,39.58,38.48,1551.27,3724.87,-7.59,2032-07-05,,4.16
PRJ-0210,May,2026-05-15,52.77,49.97,2014.11,3751.81,-6.92,2032-07-05,,4.12
PRJ-0210,June,2026-06-15,65.97,60.71,2447.17,4814.27,19.43,2032-12-05,,8.63
PRJ-0210,July,2026-07-15,79.16,77.41,3120.34,3233.94,-19.77,2032-03-05,,0.0
PRJ-0211,Feb,2026-02-15,2.88,0.0,0.0,832.56,14.27,2035-10-19,,12.48
PRJ-0211,March,2026-03-15,2.15,7.94,57.84,827.36,13.56,2036-06-19,,19.84
PRJ-0211,April,2026-04-15,3.12,10.96,79.88,833.59,14.42,2036-03-19,,16.59
PRJ-0211,May,2026-05-15,0.69,0.0,0.0,836.83,14.86,2036-02-19,,16.09
PRJ-0211,June,2026-06-15,6.71,0.0,0.0,969.02,33.0,2036-11-19,,25.32
PRJ-0211,July,2026-07-15,4.49,1.28,9.33,762.0,4.59,2035-09-19,,10.71
PRJ-0212,Feb,2026-02-15,19.61,19.9,2783.69,19947.28,42.61,2031-10-10,,23.61
PRJ-0212,March,2026-03-15,39.22,41.41,5792.19,20188.98,44.34,2031-10-10,,24.15
PRJ-0212,April,2026-04-15,58.83,58.57,8191.9,19056.48,36.24,2031-08-10,,21.79
PRJ-0212,May,2026-05-15,78.45,71.06,9938.93,19654.82,40.52,2031-02-10,,16.14
PRJ-0212,June,2026-06-15,81.57,88.41,12366.35,22604.96,61.61,2031-10-10,,24.26
PRJ-0212,July,2026-07-15,81.57,81.7,11428.13,15446.87,10.44,2029-11-10,,0.65
PRJ-0213,Feb,2026-02-15,9.7,16.56,441.35,2770.93,3.94,2035-12-17,,11.75
PRJ-0213,March,2026-03-15,19.4,22.82,608.23,2750.94,3.19,2035-08-17,,8.14
PRJ-0213,April,2026-04-15,29.09,27.27,727.0,2713.4,1.78,2035-09-17,,8.85
PRJ-0213,May,2026-05-15,38.79,41.01,1093.22,2711.67,1.72,2035-06-17,,6.45
PRJ-0213,June,2026-06-15,41.51,47.47,1265.53,3079.0,15.5,2035-11-17,,10.78
PRJ-0213,July,2026-07-15,41.51,40.74,1086.0,2366.61,-11.23,2035-03-17,,2.96
PRJ-0214,Feb,2026-02-15,3.89,7.87,79.34,1042.59,3.37,2034-12-04,,13.13
PRJ-0214,March,2026-03-15,7.78,6.63,66.84,1039.07,3.02,2034-11-04,,12.11
PRJ-0214,April,2026-04-15,11.67,15.29,154.2,1020.59,1.19,2034-09-04,,9.63
PRJ-0214,May,2026-05-15,15.56,14.3,144.23,1057.22,4.82,2034-11-04,,11.86
PRJ-0214,June,2026-06-15,19.45,19.55,197.17,1167.8,15.79,2035-02-04,,14.6
PRJ-0214,July,2026-07-15,23.35,26.92,271.51,974.9,-3.34,2034-06-04,,6.7
PRJ-0215,Feb,2026-02-15,3.06,0.0,0.0,1987.32,24.26,2035-05-02,,19.06
PRJ-0215,March,2026-03-15,6.12,5.99,95.83,2002.3,25.19,2035-05-02,,19.11
PRJ-0215,April,2026-04-15,9.19,15.39,246.16,1958.29,22.44,2035-07-02,,21.26
PRJ-0215,May,2026-05-15,12.25,10.27,164.22,1847.2,15.5,2035-06-02,,19.58
PRJ-0215,June,2026-06-15,15.31,14.24,227.76,2235.99,39.81,2035-12-02,,25.53
PRJ-0215,July,2026-07-15,16.01,13.73,219.52,1571.43,-1.75,2034-08-02,,9.91
PRJ-0216,Feb,2026-02-15,14.79,15.0,601.77,5423.55,35.18,2035-11-18,,20.25
PRJ-0216,March,2026-03-15,29.59,34.11,1368.56,5412.39,34.91,2035-12-18,,20.51
PRJ-0216,April,2026-04-15,44.38,45.87,1840.42,5280.49,31.62,2035-05-18,,13.68
PRJ-0216,May,2026-05-15,59.17,71.58,2871.78,5241.07,30.64,2035-06-18,,15.38
PRJ-0216,June,2026-06-15,73.97,76.94,3086.83,5695.53,41.96,2035-12-18,,21.1
PRJ-0216,July,2026-07-15,83.41,74.79,3000.54,4719.59,17.64,2034-12-18,,9.29
PRJ-0217,Feb,2026-02-15,3.65,1.47,17.95,1651.89,35.14,2034-08-15,,26.83
PRJ-0217,March,2026-03-15,7.31,5.07,61.99,1653.22,35.25,2034-02-15,,21.17
PRJ-0217,April,2026-04-15,10.96,5.96,72.82,1600.67,30.95,2034-03-15,,21.74
PRJ-0217,May,2026-05-15,14.62,12.38,151.27,1628.24,33.2,2034-06-15,,25.01
PRJ-0217,June,2026-06-15,16.9,15.95,194.95,1935.39,58.33,2034-09-15,,28.23
PRJ-0217,July,2026-07-15,16.9,25.29,309.15,1435.05,17.4,2033-06-15,,12.54
PRJ-0218,Feb,2026-02-15,19.52,27.31,280.13,1220.4,18.98,2033-03-01,,16.18
PRJ-0218,March,2026-03-15,39.03,35.36,362.64,1182.22,15.26,2033-02-01,,14.61
PRJ-0218,April,2026-04-15,58.55,57.54,590.21,1173.14,14.37,2032-09-01,,10.21
PRJ-0218,May,2026-05-15,71.15,72.27,741.27,1184.49,15.48,2033-01-01,,14.01
PRJ-0218,June,2026-06-15,71.15,69.41,711.93,1404.19,36.9,2033-05-01,,18.41
PRJ-0218,July,2026-07-15,71.15,76.91,788.85,1120.37,9.23,2032-06-01,,7.02
PRJ-0219,Feb,2026-02-15,16.74,13.37,48.15,471.03,30.76,2030-04-02,,22.0
PRJ-0219,March,2026-03-15,33.48,29.54,106.41,451.32,25.28,2030-01-02,,19.21
PRJ-0219,April,2026-04-15,50.22,49.28,177.53,441.0,22.42,2029-09-02,,15.1
PRJ-0219,May,2026-05-15,66.96,68.49,246.74,423.17,17.47,2029-02-02,,8.45
PRJ-0219,June,2026-06-15,79.15,76.83,276.77,594.91,65.14,2030-10-02,,28.41
PRJ-0219,July,2026-07-15,79.15,82.38,296.75,310.4,-13.83,2028-06-02,,0.0
PRJ-0220,Feb,2026-02-15,90.24,92.74,1683.52,2377.71,30.98,2027-08-18,,16.26
PRJ-0220,March,2026-03-15,91.39,91.89,1668.08,2266.7,24.87,2026-12-18,,8.42
PRJ-0220,April,2026-04-15,100.0,100.0,2229.2,2229.2,22.8,2026-04-09,2026-04-09,0.0
PRJ-0220,May,2026-05-15,100.0,100.0,2123.47,2123.47,16.98,2026-04-09,2026-04-09,0.0
PRJ-0220,June,2026-06-15,100.0,100.0,2776.66,2776.66,52.96,2026-04-09,2026-04-09,0.0
PRJ-0220,July,2026-07-15,100.0,100.0,1738.44,1738.44,-4.23,2026-04-09,2026-04-09,0.0
PRJ-0221,Feb,2026-02-15,33.81,31.66,452.34,1769.74,23.88,2037-02-08,,17.14
PRJ-0221,March,2026-03-15,67.62,62.02,886.05,1803.14,26.22,2036-11-08,,13.83
PRJ-0221,April,2026-04-15,77.22,84.87,1212.51,1800.19,26.01,2036-08-08,,11.33
PRJ-0221,May,2026-05-15,77.22,72.15,1030.71,1821.39,27.49,2036-07-08,,10.3
PRJ-0221,June,2026-06-15,77.22,81.55,1165.04,1801.09,26.07,2036-07-08,,9.94
PRJ-0221,July,2026-07-15,77.22,71.69,1024.16,1785.36,24.97,2036-08-08,,11.11
PRJ-0222,Feb,2026-02-15,16.06,14.8,507.64,4323.86,26.07,2031-04-18,,16.0
PRJ-0222,March,2026-03-15,32.12,37.56,1288.27,4248.13,23.87,2031-04-18,,16.21
PRJ-0222,April,2026-04-15,48.18,47.8,1639.39,4314.64,25.8,2031-03-18,,15.18
PRJ-0222,May,2026-05-15,64.24,53.55,1836.65,4158.14,21.24,2030-12-18,,12.14
PRJ-0222,June,2026-06-15,74.33,80.28,2753.15,4979.14,45.18,2031-09-18,,20.82
PRJ-0222,July,2026-07-15,74.33,79.3,2719.69,3494.77,1.9,2030-03-18,,3.22
PRJ-0223,Feb,2026-02-15,0.98,7.86,218.17,3441.34,24.04,2033-02-05,,23.54
PRJ-0223,March,2026-03-15,1.77,0.0,0.0,3317.88,19.59,2032-12-05,,21.57
PRJ-0223,April,2026-04-15,0.87,2.13,59.12,3206.56,15.58,2032-07-05,,16.71
PRJ-0223,May,2026-05-15,0.08,0.0,0.0,3030.88,9.25,2032-04-05,,13.9
PRJ-0223,June,2026-06-15,2.72,3.78,104.83,5144.98,85.45,2034-07-05,,40.83
PRJ-0223,July,2026-07-15,2.05,7.21,199.98,2015.68,-27.34,2031-06-05,,4.12
PRJ-0224,Feb,2026-02-15,33.64,34.64,582.58,2504.32,48.9,2033-10-08,,25.41
PRJ-0224,March,2026-03-15,67.28,60.33,1014.63,2418.35,43.79,2033-03-08,,17.51
PRJ-0224,April,2026-04-15,77.92,69.5,1168.95,2389.81,42.09,2033-01-08,,16.29
PRJ-0224,May,2026-05-15,77.92,77.06,1296.11,2341.85,39.24,2032-12-08,,15.06
PRJ-0224,June,2026-06-15,77.92,84.82,1426.58,2612.3,55.32,2033-08-08,,23.34
PRJ-0224,July,2026-07-15,77.92,77.65,1306.01,1856.6,10.39,2032-03-08,,6.23
PRJ-0225,Feb,2026-02-15,4.14,7.61,132.93,2050.88,17.48,2035-06-25,,18.52
PRJ-0225,March,2026-03-15,8.29,13.29,232.01,2085.63,19.47,2035-08-25,,20.72
PRJ-0225,April,2026-04-15,12.43,15.46,269.92,2075.39,18.89,2035-04-25,,17.44
PRJ-0225,May,2026-05-15,16.57,14.34,250.25,2004.31,14.81,2035-02-25,,15.41
PRJ-0225,June,2026-06-15,20.72,22.31,389.42,2141.83,22.69,2035-03-25,,16.15
PRJ-0225,July,2026-07-15,24.86,26.51,462.82,1797.12,2.95,2034-09-25,,9.77
PRJ-0226,Feb,2026-02-15,15.0,17.44,83.39,498.09,4.14,2035-07-25,,12.07
PRJ-0226,March,2026-03-15,30.0,33.68,161.1,495.31,3.56,2035-05-25,,10.4
PRJ-0226,April,2026-04-15,45.01,35.62,170.38,492.2,2.91,2035-02-25,,7.04
PRJ-0226,May,2026-05-15,49.42,54.03,258.44,474.07,-0.88,2035-04-25,,8.9
PRJ-0226,June,2026-06-15,49.42,55.07,263.38,459.14,-4.01,2034-09-25,,2.32
PRJ-0226,July,2026-07-15,49.42,48.48,231.9,440.68,-7.87,2034-10-25,,2.68
PRJ-0227,Feb,2026-02-15,4.83,4.85,38.72,910.07,14.08,2029-07-18,,14.18
PRJ-0227,March,2026-03-15,9.66,9.16,73.07,907.97,13.82,2029-07-18,,14.36
PRJ-0227,April,2026-04-15,14.5,17.01,135.68,901.36,12.99,2029-07-18,,14.33
PRJ-0227,May,2026-05-15,19.33,18.66,148.89,879.2,10.21,2029-06-18,,13.24
PRJ-0227,June,2026-06-15,24.16,26.0,207.45,1084.74,35.98,2030-02-18,,20.79
PRJ-0227,July,2026-07-15,28.99,31.35,250.13,773.86,-2.99,2029-03-18,,9.81
PRJ-0228,Feb,2026-02-15,19.13,12.09,140.2,1639.07,41.35,2030-12-11,,20.97
PRJ-0228,March,2026-03-15,38.26,30.46,353.25,1590.66,37.17,2030-11-11,,19.53
PRJ-0228,April,2026-04-15,57.39,59.05,684.76,1536.24,32.48,2030-07-11,,16.2
PRJ-0228,May,2026-05-15,76.52,79.9,926.47,1436.38,23.87,2030-03-11,,11.74
PRJ-0228,June,2026-06-15,95.39,95.54,1107.86,1863.42,60.7,2031-02-11,,22.56
PRJ-0228,July,2026-07-15,95.39,98.53,1142.58,1112.94,-4.02,2029-05-11,,1.57
PRJ-0229,Feb,2026-02-15,15.79,16.68,354.02,3038.26,43.18,2033-03-14,,26.66
PRJ-0229,March,2026-03-15,31.58,31.0,657.83,2869.69,35.24,2032-08-14,,20.43
PRJ-0229,April,2026-04-15,47.38,44.86,951.96,2809.21,32.39,2032-01-14,,12.65
PRJ-0229,May,2026-05-15,63.17,62.92,1335.21,2623.23,23.63,2032-01-14,,12.82
PRJ-0229,June,2026-06-15,78.96,81.29,1724.96,4322.44,103.7,2034-03-14,,38.98
PRJ-0229,July,2026-07-15,88.32,92.74,1967.81,1837.45,-13.41,2030-12-14,,0.0
PRJ-0230,Feb,2026-02-15,15.77,13.16,293.42,2751.3,23.35,2030-10-18,,18.96
PRJ-0230,March,2026-03-15,31.54,29.73,663.09,2719.93,21.95,2030-04-18,,13.22
PRJ-0230,April,2026-04-15,47.32,46.59,1039.2,2696.64,20.9,2030-04-18,,12.99
PRJ-0230,May,2026-05-15,63.09,66.08,1473.89,2665.26,19.5,2030-04-18,,12.66
PRJ-0230,June,2026-06-15,78.86,77.9,1737.47,2901.35,30.08,2030-03-18,,11.93
PRJ-0230,July,2026-07-15,85.82,83.45,1861.18,2403.11,7.74,2029-07-18,,4.45
PRJ-0231,Feb,2026-02-15,0.27,10.04,53.58,547.44,2.63,2031-08-19,,7.47
PRJ-0231,March,2026-03-15,2.34,0.0,0.0,524.43,-1.69,2031-12-19,,10.6
PRJ-0231,April,2026-04-15,3.51,6.75,36.02,518.87,-2.73,2031-11-19,,10.4
PRJ-0231,May,2026-05-15,0.12,0.0,0.0,508.89,-4.6,2031-12-19,,11.41
PRJ-0231,June,2026-06-15,5.84,0.0,0.0,612.93,14.9,2032-10-19,,20.5
PRJ-0231,July,2026-07-15,4.96,4.41,23.53,461.78,-13.43,2031-07-19,,5.91
PRJ-0232,Feb,2026-02-15,4.15,0.0,0.0,20509.79,45.12,2034-05-12,,30.28
PRJ-0232,March,2026-03-15,8.3,7.3,1032.02,20178.75,42.78,2034-02-12,,26.85
PRJ-0232,April,2026-04-15,12.44,14.94,2111.13,18988.29,34.35,2033-09-12,,21.53
PRJ-0232,May,2026-05-15,16.59,15.43,2181.16,18475.66,30.73,2033-07-12,,19.83
PRJ-0232,June,2026-06-15,20.74,24.54,3467.79,27828.17,96.9,2035-05-12,,41.86
PRJ-0232,July,2026-07-15,24.89,19.59,2768.0,12409.2,-12.2,2032-07-12,,7.98
PRJ-0233,Feb,2026-02-15,7.96,4.83,115.79,4151.99,73.24,2038-11-04,,34.69
PRJ-0233,March,2026-03-15,15.92,14.17,339.59,4035.87,68.39,2038-11-04,,34.53
PRJ-0233,April,2026-04-15,23.88,23.69,567.87,3931.69,64.05,2038-11-04,,34.58
PRJ-0233,May,2026-05-15,31.84,29.5,706.98,4003.9,67.06,2038-05-04,,28.86
PRJ-0233,June,2026-06-15,39.8,30.53,731.68,4769.66,99.01,2039-08-04,,44.1
PRJ-0233,July,2026-07-15,46.78,54.1,1296.71,3259.04,35.98,2037-04-04,,15.53
PRJ-0234,Feb,2026-02-15,11.99,7.98,210.36,4507.65,70.95,2036-01-23,,32.66
PRJ-0234,March,2026-03-15,23.99,20.87,550.42,4521.31,71.47,2036-05-23,,37.1
PRJ-0234,April,2026-04-15,34.78,36.1,951.8,4406.57,67.12,2035-11-23,,30.7
PRJ-0234,May,2026-05-15,34.78,34.71,915.37,4356.41,65.21,2035-10-23,,29.91
PRJ-0234,June,2026-06-15,34.78,34.2,901.82,4973.98,88.63,2036-05-23,,37.25
PRJ-0234,July,2026-07-15,34.78,34.52,910.26,3818.57,44.82,2035-04-23,,24.49
PRJ-0235,Feb,2026-02-15,35.65,33.12,486.37,1656.11,12.79,2031-08-20,,15.94
PRJ-0235,March,2026-03-15,71.31,78.38,1150.92,1621.59,10.44,2030-08-20,,4.3
PRJ-0235,April,2026-04-15,85.74,94.02,1380.6,1589.46,8.25,2030-09-20,,4.66
PRJ-0235,May,2026-05-15,85.74,81.07,1190.37,1523.66,3.77,2030-09-20,,5.19
PRJ-0235,June,2026-06-15,85.74,85.36,1253.39,1870.12,27.36,2031-01-20,,8.82
PRJ-0235,July,2026-07-15,85.74,90.36,1326.79,1300.65,-11.42,2030-04-20,,0.0
PRJ-0236,Feb,2026-02-15,11.24,9.74,244.91,2549.43,1.35,2031-01-26,,11.83
PRJ-0236,March,2026-03-15,22.48,22.74,571.93,2504.84,-0.43,2031-02-26,,13.0
PRJ-0236,April,2026-04-15,33.71,35.25,886.74,2529.1,0.54,2030-06-26,,5.01
PRJ-0236,May,2026-05-15,44.95,43.04,1082.73,2612.48,3.85,2030-11-26,,10.06
PRJ-0236,June,2026-06-15,56.19,58.63,1474.97,2856.22,13.54,2030-12-26,,11.34
PRJ-0236,July,2026-07-15,67.43,71.79,1805.99,2394.94,-4.79,2030-02-26,,0.71
PRJ-0237,Feb,2026-02-15,7.73,7.51,88.18,1640.09,39.68,2031-09-17,,25.23
PRJ-0237,March,2026-03-15,15.46,14.94,175.48,1601.64,36.4,2031-05-17,,20.87
PRJ-0237,April,2026-04-15,23.19,27.43,322.03,1612.59,37.34,2031-07-17,,22.83
PRJ-0237,May,2026-05-15,30.92,23.0,270.09,1570.21,33.73,2030-11-17,,14.98
PRJ-0237,June,2026-06-15,36.29,30.78,361.39,1925.7,64.0,2032-02-17,,29.57
PRJ-0237,July,2026-07-15,36.29,39.97,469.37,1204.48,2.58,2030-02-17,,6.27
PRJ-0238,Feb,2026-02-15,1.37,6.46,75.76,1662.33,41.75,2035-04-01,,28.91
PRJ-0238,March,2026-03-15,2.74,2.67,31.32,1692.2,44.29,2034-12-01,,24.59
PRJ-0238,April,2026-04-15,0.22,0.26,3.1,1598.26,36.28,2034-10-01,,22.66
PRJ-0238,May,2026-05-15,0.22,9.17,107.58,1581.29,34.84,2034-12-01,,25.12
PRJ-0238,June,2026-06-15,4.43,0.0,0.0,2265.47,93.18,2036-10-01,,47.17
PRJ-0238,July,2026-07-15,7.89,6.74,79.01,1049.61,-10.5,2033-07-01,,8.34
PRJ-0239,Feb,2026-02-15,10.56,7.06,28.27,461.14,15.09,2032-09-15,,15.04
PRJ-0239,March,2026-03-15,21.12,21.61,86.56,453.85,13.27,2032-05-15,,10.7
PRJ-0239,April,2026-04-15,31.68,34.86,139.68,449.61,12.22,2032-06-15,,11.72
PRJ-0239,May,2026-05-15,42.24,42.89,171.85,447.25,11.63,2032-05-15,,10.75
PRJ-0239,June,2026-06-15,52.8,52.66,210.97,486.65,21.46,2032-09-15,,15.16
PRJ-0239,July,2026-07-15,63.36,61.86,247.86,410.58,2.48,2031-08-15,,2.5
PRJ-0240,Feb,2026-02-15,3.54,8.97,18.25,239.01,17.53,2031-06-23,,16.25
PRJ-0240,March,2026-03-15,7.09,3.74,7.61,242.67,19.34,2031-09-23,,19.44
PRJ-0240,April,2026-04-15,10.63,10.79,21.94,235.2,15.66,2031-06-23,,16.31
PRJ-0240,May,2026-05-15,14.17,16.7,33.95,241.83,18.92,2031-06-23,,15.74
PRJ-0240,June,2026-06-15,17.72,26.27,53.42,266.8,31.2,2031-08-23,,17.53
PRJ-0240,July,2026-07-15,21.26,20.31,41.31,207.56,2.07,2030-11-23,,9.34
PRJ-0241,Feb,2026-02-15,2.57,1.65,36.4,2957.56,33.8,2036-09-10,,22.01
PRJ-0241,March,2026-03-15,5.13,0.0,0.0,2903.5,31.35,2036-11-10,,23.98
PRJ-0241,April,2026-04-15,7.7,8.46,186.98,2791.13,26.27,2036-10-10,,23.15
PRJ-0241,May,2026-05-15,10.27,7.36,162.75,2583.44,16.87,2036-03-10,,15.58
PRJ-0241,June,2026-06-15,12.83,12.47,275.62,3398.45,53.74,2037-03-10,,27.61
PRJ-0241,July,2026-07-15,15.4,13.16,290.79,1812.21,-18.02,2035-04-10,,4.57
PRJ-0242,Feb,2026-02-15,21.01,23.84,733.64,3649.83,18.59,2036-07-09,,15.58
PRJ-0242,March,2026-03-15,39.98,38.63,1188.75,3576.84,16.22,2036-05-09,,14.12
PRJ-0242,April,2026-04-15,39.98,39.21,1206.81,3511.32,14.09,2035-10-09,,7.43
PRJ-0242,May,2026-05-15,39.98,39.1,1203.19,3581.62,16.38,2036-05-09,,13.85
PRJ-0242,June,2026-06-15,39.98,41.18,1267.3,4378.19,42.26,2037-04-09,,24.88
PRJ-0242,July,2026-07-15,39.98,49.57,1525.46,3011.89,-2.13,2035-12-09,,8.63
PRJ-0243,Feb,2026-02-15,21.03,14.69,69.39,563.59,19.35,2029-11-28,,19.47
PRJ-0243,March,2026-03-15,42.05,40.26,190.13,547.29,15.9,2029-02-28,,10.07
PRJ-0243,April,2026-04-15,63.08,64.69,305.49,545.02,15.42,2028-12-28,,7.6
PRJ-0243,May,2026-05-15,77.35,74.7,352.72,559.97,18.59,2028-11-28,,6.8
PRJ-0243,June,2026-06-15,77.35,78.69,371.6,607.96,28.75,2029-04-28,,12.23
PRJ-0243,July,2026-07-15,77.35,80.13,378.39,527.27,11.66,2029-01-28,,8.96
PRJ-0244,Feb,2026-02-15,1.83,0.0,0.0,1071.03,7.48,2037-03-26,,13.6
PRJ-0244,March,2026-03-15,3.65,4.26,42.47,1065.68,6.94,2037-02-26,,12.67
PRJ-0244,April,2026-04-15,2.85,4.81,47.91,1070.67,7.44,2037-02-26,,12.65
PRJ-0244,May,2026-05-15,0.54,1.03,10.31,1027.47,3.11,2037-04-26,,15.45
PRJ-0244,June,2026-06-15,3.22,6.29,62.7,1243.99,24.83,2037-09-26,,20.39
PRJ-0244,July,2026-07-15,2.08,7.25,72.23,897.28,-9.96,2036-10-26,,8.66
PRJ-0245,Feb,2026-02-15,9.67,6.39,54.61,957.23,12.04,2037-05-23,,17.25
PRJ-0245,March,2026-03-15,19.34,19.85,169.61,917.13,7.35,2037-03-23,,14.55
PRJ-0245,April,2026-04-15,29.01,37.09,316.86,891.02,4.29,2036-09-23,,9.17
PRJ-0245,May,2026-05-15,38.69,40.97,350.04,892.0,4.41,2036-10-23,,10.35
PRJ-0245,June,2026-06-15,48.36,52.35,447.23,1192.52,39.58,2037-09-23,,21.09
PRJ-0245,July,2026-07-15,58.03,60.12,513.62,740.68,-13.3,2036-04-23,,4.31
PRJ-0246,Feb,2026-02-15,27.24,33.56,1530.56,6038.14,32.39,2036-06-14,,20.94
PRJ-0246,March,2026-03-15,54.49,45.83,2090.19,5890.35,29.15,2035-12-14,,15.49
PRJ-0246,April,2026-04-15,81.73,82.62,3768.27,5625.27,23.34,2035-09-14,,12.28
PRJ-0246,May,2026-05-15,95.63,95.83,4370.61,5340.9,17.1,2035-06-14,,8.87
PRJ-0246,June,2026-06-15,95.63,97.99,4469.22,8670.11,90.1,2037-04-14,,31.39
PRJ-0246,July,2026-07-15,95.63,96.98,4423.1,3622.97,-20.56,2034-09-14,,0.0
PRJ-0247,Feb,2026-02-15,22.24,18.06,290.75,1907.64,18.48,2035-03-16,,12.43
PRJ-0247,March,2026-03-15,44.48,42.3,681.03,1897.34,17.84,2035-05-16,,13.57
PRJ-0247,April,2026-04-15,66.73,61.49,990.07,1872.12,16.27,2035-01-16,,9.6
PRJ-0247,May,2026-05-15,70.22,71.74,1155.13,1798.64,11.71,2035-01-16,,10.15
PRJ-0247,June,2026-06-15,70.22,72.5,1167.37,2176.61,35.19,2035-09-16,,17.95
PRJ-0247,July,2026-07-15,70.22,69.67,1121.82,1537.41,-4.51,2034-06-16,,2.83
PRJ-0248,Feb,2026-02-15,7.09,7.87,269.38,4195.85,22.6,2031-01-11,,16.77
PRJ-0248,March,2026-03-15,14.19,8.55,292.6,4154.9,21.41,2031-03-11,,19.0
PRJ-0248,April,2026-04-15,21.28,14.7,503.0,4176.0,22.02,2031-02-11,,17.86
PRJ-0248,May,2026-05-15,28.37,30.44,1041.76,4139.19,20.95,2030-11-11,,15.14
PRJ-0248,June,2026-06-15,35.47,32.38,1108.31,4795.7,40.13,2031-05-11,,20.71
PRJ-0248,July,2026-07-15,42.56,43.15,1476.85,3853.61,12.6,2030-07-11,,10.92
PRJ-0249,Feb,2026-02-15,3.32,0.0,0.0,5766.81,34.53,2036-12-25,,25.51
PRJ-0249,March,2026-03-15,6.63,4.87,208.8,5526.99,28.94,2036-11-25,,24.55
PRJ-0249,April,2026-04-15,9.95,13.84,593.15,5397.53,25.92,2036-07-25,,20.75
PRJ-0249,May,2026-05-15,13.26,15.71,673.25,4998.03,16.6,2036-05-25,,18.64
PRJ-0249,June,2026-06-15,16.58,23.78,1019.44,6632.62,54.73,2037-05-25,,30.87
PRJ-0249,July,2026-07-15,19.89,20.9,895.75,3711.97,-13.4,2035-03-25,,5.2
PRJ-0250,Feb,2026-02-15,21.14,15.68,712.83,5299.15,16.53,2034-10-25,,18.83
PRJ-0250,March,2026-03-15,42.29,41.96,1908.34,5255.58,15.57,2034-03-25,,11.69
PRJ-0250,April,2026-04-15,63.43,69.61,3165.44,5166.68,13.61,2034-03-25,,11.93
PRJ-0250,May,2026-05-15,72.85,72.42,3293.35,5149.8,13.24,2033-12-25,,9.13
PRJ-0250,June,2026-06-15,72.85,72.09,3278.3,5795.06,27.43,2034-05-25,,13.54
PRJ-0250,July,2026-07-15,72.85,73.86,3358.79,4539.55,-0.18,2033-07-25,,3.6
PRJ-0251,Feb,2026-02-15,6.17,3.38,345.78,10324.38,0.88,2032-10-26,,14.08
PRJ-0251,March,2026-03-15,12.35,11.6,1186.78,10058.43,-1.72,2032-04-26,,7.89
PRJ-0251,April,2026-04-15,17.84,21.22,2171.97,9923.06,-3.04,2032-06-26,,10.27
PRJ-0251,May,2026-05-15,17.84,18.13,1855.46,9543.6,-6.75,2032-02-26,,6.45
PRJ-0251,June,2026-06-15,17.84,22.99,2353.39,8983.12,-12.23,2032-03-26,,7.11
PRJ-0251,July,2026-07-15,17.84,17.99,1841.64,6657.96,-34.95,2031-08-26,,0.0
PRJ-0252,Feb,2026-02-15,5.47,8.07,153.7,2173.22,14.11,2036-08-24,,16.15
PRJ-0252,March,2026-03-15,10.93,10.2,194.32,2192.79,15.13,2036-06-24,,14.41
PRJ-0252,April,2026-04-15,16.4,11.35,216.19,2154.26,13.11,2036-08-24,,15.7
PRJ-0252,May,2026-05-15,21.87,25.54,486.46,2099.79,10.25,2036-04-24,,12.29
PRJ-0252,June,2026-06-15,27.34,22.85,435.11,2609.22,37.0,2036-12-24,,20.31
PRJ-0252,July,2026-07-15,27.38,32.07,610.7,1885.94,-0.98,2036-04-24,,11.71
PRJ-0253,Feb,2026-02-15,0.24,0.0,0.0,802.18,0.25,2030-02-08,,11.86
PRJ-0253,March,2026-03-15,0.47,0.0,0.0,817.48,2.17,2030-06-08,,16.05
PRJ-0253,April,2026-04-15,0.71,6.27,50.18,808.47,1.04,2029-12-08,,10.2
PRJ-0253,May,2026-05-15,0.94,5.67,45.39,816.16,2.0,2030-05-08,,14.85
PRJ-0253,June,2026-06-15,1.18,3.4,27.18,940.56,17.55,2030-09-08,,18.84
PRJ-0253,July,2026-07-15,1.41,3.88,31.01,736.74,-7.93,2030-03-08,,12.78
PRJ-0254,Feb,2026-02-15,17.73,22.34,536.63,3165.43,31.77,2034-09-23,,19.1
PRJ-0254,March,2026-03-15,35.46,40.45,971.78,3152.71,31.24,2034-09-23,,18.76
PRJ-0254,April,2026-04-15,53.18,55.36,1329.9,3041.69,26.61,2034-04-23,,14.14
PRJ-0254,May,2026-05-15,70.91,68.49,1645.25,3086.97,28.5,2034-06-23,,15.57
PRJ-0254,June,2026-06-15,88.64,85.23,2047.61,4253.72,77.07,2035-06-23,,27.95
PRJ-0254,July,2026-07-15,96.58,93.15,2237.78,2293.45,-4.53,2033-02-23,,0.0
PRJ-0255,Feb,2026-02-15,19.03,17.27,708.4,5475.2,33.51,2032-12-09,,22.09
PRJ-0255,March,2026-03-15,38.06,35.14,1440.95,5241.48,27.81,2032-07-09,,16.61
PRJ-0255,April,2026-04-15,57.09,63.6,2608.42,5161.26,25.85,2032-04-09,,14.24
PRJ-0255,May,2026-05-15,76.12,74.18,3042.28,5153.74,25.67,2032-02-09,,11.82
PRJ-0255,June,2026-06-15,95.15,94.47,3874.08,6411.12,56.33,2032-08-09,,18.42
PRJ-0255,July,2026-07-15,96.92,86.68,3554.75,3917.41,-4.48,2031-02-09,,0.0
PRJ-0256,Feb,2026-02-15,27.89,37.87,2041.83,7212.74,33.76,2032-03-02,,19.74
PRJ-0256,March,2026-03-15,55.78,55.15,2973.95,7276.13,34.94,2032-03-02,,20.21
PRJ-0256,April,2026-04-15,75.45,71.36,3847.95,7166.46,32.9,2031-08-02,,13.49
PRJ-0256,May,2026-05-15,75.45,70.53,3803.3,6858.76,27.2,2031-09-02,,13.8
PRJ-0256,June,2026-06-15,75.45,75.66,4079.88,8739.93,62.08,2032-09-02,,25.79
PRJ-0256,July,2026-07-15,75.45,80.6,4346.13,5622.86,4.28,2030-11-02,,3.74
PRJ-0257,Feb,2026-02-15,8.47,7.03,152.35,2291.51,5.75,2029-10-04,,10.31
PRJ-0257,March,2026-03-15,16.95,14.69,318.42,2331.03,7.57,2029-12-04,,11.8
PRJ-0257,April,2026-04-15,25.42,30.37,658.02,2310.5,6.62,2029-11-04,,11.19
PRJ-0257,May,2026-05-15,33.9,32.14,696.38,2333.22,7.67,2029-12-04,,11.54
PRJ-0257,June,2026-06-15,42.37,44.96,974.37,2380.03,9.83,2029-12-04,,11.73
PRJ-0257,July,2026-07-15,50.85,45.33,982.22,2298.21,6.06,2029-06-04,,6.27
PRJ-0258,Feb,2026-02-15,0.62,0.25,1.28,550.46,9.51,2029-11-09,,12.78
PRJ-0258,March,2026-03-15,1.23,0.0,0.0,550.8,9.58,2030-02-09,,15.97
PRJ-0258,April,2026-04-15,1.85,1.91,9.59,531.18,5.68,2030-01-09,,14.91
PRJ-0258,May,2026-05-15,2.47,0.0,0.0,538.06,7.05,2029-12-09,,14.21
PRJ-0258,June,2026-06-15,3.08,9.27,46.6,648.34,28.99,2030-05-09,,18.81
PRJ-0258,July,2026-07-15,0.61,11.82,59.43,450.71,-10.33,2029-06-09,,7.76
PRJ-0259,Feb,2026-02-15,8.37,7.45,12.08,180.48,11.32,2033-04-12,,13.45
PRJ-0259,March,2026-03-15,16.73,11.68,18.93,178.46,10.07,2033-05-12,,13.95
PRJ-0259,April,2026-04-15,25.1,27.29,44.25,174.53,7.65,2033-03-12,,12.07
PRJ-0259,May,2026-05-15,33.46,27.68,44.87,168.59,3.99,2033-01-12,,10.37
PRJ-0259,June,2026-06-15,41.83,41.16,66.73,222.58,37.29,2034-01-12,,22.13
PRJ-0259,July,2026-07-15,50.19,55.6,90.14,130.86,-19.28,2032-05-12,,2.12
PRJ-0260,Feb,2026-02-15,0.19,4.72,31.08,944.39,43.48,2038-04-12,,27.21
PRJ-0260,March,2026-03-15,0.37,0.0,0.0,891.71,35.47,2038-03-12,,25.9
PRJ-0260,April,2026-04-15,0.56,0.0,0.0,880.69,33.8,2038-01-12,,24.44
PRJ-0260,May,2026-05-15,0.75,0.0,0.0,889.93,35.2,2037-12-12,,22.94
PRJ-0260,June,2026-06-15,0.93,2.34,15.39,1036.41,57.46,2038-09-12,,31.69
PRJ-0260,July,2026-07-15,1.12,0.0,0.0,770.24,17.02,2037-07-12,,18.06
PRJ-0261,Feb,2026-02-15,14.74,17.28,272.31,1760.11,11.71,2030-06-04,,12.28
PRJ-0261,March,2026-03-15,29.48,19.99,314.9,1710.0,8.53,2030-04-04,,10.3
PRJ-0261,April,2026-04-15,44.22,43.72,688.88,1713.34,8.74,2030-04-04,,9.99
PRJ-0261,May,2026-05-15,58.96,57.39,904.3,1595.26,1.24,2029-12-04,,6.04
PRJ-0261,June,2026-06-15,73.7,77.55,1221.93,1985.03,25.98,2030-06-04,,11.83
PRJ-0261,July,2026-07-15,88.44,83.11,1309.58,1504.6,-4.51,2029-06-04,,0.0
PRJ-0262,Feb,2026-02-15,4.98,0.0,0.0,1094.22,29.94,2036-03-01,,20.77
PRJ-0262,March,2026-03-15,9.96,10.88,91.62,1053.74,25.13,2035-12-01,,18.15
PRJ-0262,April,2026-04-15,14.94,11.73,98.81,1001.33,18.91,2035-09-01,,15.33
PRJ-0262,May,2026-05-15,19.92,23.8,200.4,982.63,16.69,2035-07-01,,13.02
PRJ-0262,June,2026-06-15,24.9,25.53,214.98,1196.98,42.14,2036-08-01,,25.68
PRJ-0262,July,2026-07-15,29.87,33.04,278.23,831.2,-1.3,2035-02-01,,7.62
PRJ-0263,Feb,2026-02-15,37.01,38.69,75.65,241.64,23.59,2032-06-22,,17.01
PRJ-0263,March,2026-03-15,74.02,72.75,142.24,240.79,23.16,2031-11-22,,9.92
PRJ-0263,April,2026-04-15,84.35,90.56,177.05,223.43,14.28,2031-09-22,,7.72
PRJ-0263,May,2026-05-15,84.35,96.82,189.29,222.84,13.98,2031-08-22,,7.42
PRJ-0263,June,2026-06-15,84.35,83.56,163.38,261.19,33.59,2032-01-22,,11.69
PRJ-0263,July,2026-07-15,84.35,82.74,161.76,176.27,-9.84,2031-01-22,,0.0
PRJ-0264,Feb,2026-02-15,16.84,19.52,222.33,1478.95,29.85,2029-12-13,,21.93
PRJ-0264,March,2026-03-15,33.68,32.8,373.54,1458.14,28.02,2029-11-13,,20.83
PRJ-0264,April,2026-04-15,50.52,52.08,593.2,1419.16,24.6,2029-05-13,,15.37
PRJ-0264,May,2026-05-15,57.38,54.15,616.81,1395.47,22.52,2029-02-13,,12.29
PRJ-0264,June,2026-06-15,57.38,51.55,587.18,1589.85,39.58,2029-08-13,,17.66
PRJ-0264,July,2026-07-15,57.38,62.45,711.29,1102.4,-3.21,2028-07-13,,5.1
PRJ-0265,Feb,2026-02-15,37.76,42.1,286.73,611.94,-10.15,2032-06-18,,5.8
PRJ-0265,March,2026-03-15,75.51,68.36,465.63,613.63,-9.91,2032-02-18,,1.7
PRJ-0265,April,2026-04-15,92.53,95.39,649.73,601.28,-11.72,2031-12-18,,0.0
PRJ-0265,May,2026-05-15,92.53,99.5,677.7,589.12,-13.5,2031-12-18,,0.0
PRJ-0265,June,2026-06-15,92.53,93.0,633.46,751.53,10.34,2032-04-18,,3.68
PRJ-0265,July,2026-07-15,92.53,87.33,594.78,543.81,-20.16,2031-12-18,,0.0
PRJ-0266,Feb,2026-02-15,11.5,10.83,63.91,626.73,6.21,2031-11-20,,10.46
PRJ-0266,March,2026-03-15,23.0,22.93,135.31,626.98,6.26,2031-12-20,,11.27
PRJ-0266,April,2026-04-15,34.5,39.22,231.43,596.49,1.09,2031-08-20,,7.19
PRJ-0266,May,2026-05-15,46.0,43.29,255.42,576.13,-2.36,2031-09-20,,8.31
PRJ-0266,June,2026-06-15,57.5,56.48,333.28,734.6,24.49,2032-05-20,,16.42
PRJ-0266,July,2026-07-15,69.0,67.93,400.86,513.09,-13.05,2031-01-20,,0.0
PRJ-0267,Feb,2026-02-15,25.49,23.97,228.79,1140.86,19.51,2029-05-16,,14.81
PRJ-0267,March,2026-03-15,50.99,50.81,485.05,1152.22,20.7,2029-07-16,,16.72
PRJ-0267,April,2026-04-15,73.18,71.54,682.96,1119.8,17.3,2028-12-16,,9.75
PRJ-0267,May,2026-05-15,73.18,76.62,731.44,1077.17,12.84,2028-07-16,,5.05
PRJ-0267,June,2026-06-15,73.18,75.01,716.02,1378.8,44.44,2029-11-16,,21.22
PRJ-0267,July,2026-07-15,73.18,78.68,751.11,818.33,-14.28,2028-02-16,,0.0
PRJ-0268,Feb,2026-02-15,15.36,16.28,158.93,1403.35,43.76,2033-10-17,,23.89
PRJ-0268,March,2026-03-15,30.72,28.23,275.58,1364.81,39.81,2033-07-17,,20.51
PRJ-0268,April,2026-04-15,46.07,50.37,491.74,1289.01,32.04,2033-03-17,,17.42
PRJ-0268,May,2026-05-15,61.43,65.13,635.85,1248.33,27.88,2033-05-17,,18.67
PRJ-0268,June,2026-06-15,76.79,81.72,797.79,1559.74,59.78,2033-12-17,,25.78
PRJ-0268,July,2026-07-15,90.63,90.74,885.76,918.93,-5.87,2031-10-17,,0.0
PRJ-0269,Feb,2026-02-15,6.59,0.51,6.44,1476.49,17.15,2037-08-02,,17.7
PRJ-0269,March,2026-03-15,13.18,14.2,179.02,1483.72,17.72,2037-05-02,,15.05
PRJ-0269,April,2026-04-15,19.77,17.89,225.44,1462.14,16.01,2037-03-02,,12.95
PRJ-0269,May,2026-05-15,26.36,29.63,373.42,1456.15,15.53,2037-06-02,,16.17
PRJ-0269,June,2026-06-15,32.94,37.66,474.68,1562.01,23.93,2037-05-02,,15.44
PRJ-0269,July,2026-07-15,39.53,37.49,472.51,1339.17,6.25,2036-11-02,,9.0
PRJ-0270,Feb,2026-02-15,11.38,15.5,155.86,1121.78,11.56,2031-01-03,,17.64
PRJ-0270,March,2026-03-15,22.75,19.86,199.68,1089.63,8.37,2030-05-03,,9.88
PRJ-0270,April,2026-04-15,34.13,38.61,388.23,1088.35,8.24,2030-06-03,,10.58
PRJ-0270,May,2026-05-15,45.5,40.27,404.97,1006.61,0.11,2030-02-03,,6.92
PRJ-0270,June,2026-06-15,56.88,48.61,488.8,1261.37,25.45,2030-08-03,,13.44
PRJ-0270,July,2026-07-15,68.25,67.38,677.53,845.62,-15.9,2029-08-03,,1.22
PRJ-0271,Feb,2026-02-15,7.43,5.68,45.4,945.15,18.34,2037-02-17,,17.47
PRJ-0271,March,2026-03-15,14.86,12.47,99.56,936.01,17.19,2037-02-17,,17.37
PRJ-0271,April,2026-04-15,22.29,24.05,192.08,897.96,12.43,2036-06-17,,8.74
PRJ-0271,May,2026-05-15,29.72,33.14,264.66,913.06,14.32,2036-12-17,,14.69
PRJ-0271,June,2026-06-15,37.15,32.47,259.34,889.79,11.4,2036-07-17,,10.16
PRJ-0271,July,2026-07-15,44.58,36.45,291.14,902.71,13.02,2036-08-17,,11.18
PRJ-0272,Feb,2026-02-15,14.9,20.57,268.43,1570.47,20.36,2031-10-25,,17.26
PRJ-0272,March,2026-03-15,29.81,24.03,313.53,1527.18,17.04,2031-08-25,,14.88
PRJ-0272,April,2026-04-15,44.71,49.63,647.54,1470.77,12.72,2031-03-25,,10.01
PRJ-0272,May,2026-05-15,59.61,63.85,833.1,1425.07,9.22,2031-01-25,,7.89
PRJ-0272,June,2026-06-15,74.52,84.72,1105.48,2005.43,53.7,2032-01-25,,19.69
PRJ-0272,July,2026-07-15,89.42,90.81,1184.86,1055.26,-19.12,2030-05-25,,0.0
PRJ-0273,Feb,2026-02-15,17.12,10.92,90.3,1111.99,34.48,2033-02-13,,21.69
PRJ-0273,March,2026-03-15,34.24,38.93,321.87,1070.94,29.52,2032-08-13,,15.83
PRJ-0273,April,2026-04-15,51.36,47.77,394.97,1029.89,24.55,2032-09-13,,17.32
PRJ-0273,May,2026-05-15,68.48,70.73,584.85,987.33,19.41,2032-05-13,,12.51
PRJ-0273,June,2026-06-15,85.6,80.1,662.28,1497.96,81.16,2033-07-13,,27.41
PRJ-0273,July,2026-07-15,98.13,93.09,769.69,650.77,-21.3,2031-04-13,,0.0
PRJ-0274,Feb,2026-02-15,4.5,0.36,4.5,1699.72,34.54,2031-11-23,,24.48
PRJ-0274,March,2026-03-15,9.0,9.07,114.58,1655.86,31.06,2031-11-23,,23.78
PRJ-0274,April,2026-04-15,13.5,19.85,250.82,1578.57,24.95,2031-04-23,,16.99
PRJ-0274,May,2026-05-15,18.0,20.7,261.48,1521.68,20.44,2031-04-23,,16.61
PRJ-0274,June,2026-06-15,22.5,20.78,262.49,2315.85,83.3,2033-06-23,,42.59
PRJ-0274,July,2026-07-15,27.01,28.13,355.45,1026.41,-18.76,2030-02-23,,3.3
PRJ-0275,Feb,2026-02-15,2.88,0.0,0.0,575.45,32.81,2036-08-09,,24.97
PRJ-0275,March,2026-03-15,5.77,8.08,34.99,574.85,32.67,2036-07-09,,23.53
PRJ-0275,April,2026-04-15,8.65,11.02,47.73,548.42,26.57,2036-05-09,,21.52
PRJ-0275,May,2026-05-15,11.54,20.01,86.7,557.09,28.57,2035-12-09,,17.23
PRJ-0275,June,2026-06-15,14.42,11.45,49.62,599.72,38.41,2036-07-09,,24.06
PRJ-0275,July,2026-07-15,17.31,16.37,70.93,489.73,13.03,2035-12-09,,16.54
PRJ-0276,Feb,2026-02-15,5.22,4.98,25.63,547.55,6.33,2034-01-25,,15.72
PRJ-0276,March,2026-03-15,10.43,10.33,53.22,528.34,2.6,2033-08-25,,10.53
PRJ-0276,April,2026-04-15,15.65,18.5,95.24,522.22,1.41,2033-07-25,,9.79
PRJ-0276,May,2026-05-15,20.86,17.61,90.69,515.77,0.16,2033-08-25,,11.07
PRJ-0276,June,2026-06-15,26.08,29.48,151.83,605.13,17.51,2033-12-25,,15.12
PRJ-0276,July,2026-07-15,31.29,26.68,137.37,466.58,-9.39,2032-11-25,,2.01
PRJ-0277,Feb,2026-02-15,11.01,8.07,56.51,859.67,22.79,2033-10-23,,16.01
PRJ-0277,March,2026-03-15,22.03,21.16,148.17,836.18,19.43,2034-02-23,,20.24
PRJ-0277,April,2026-04-15,33.04,36.42,255.01,804.65,14.93,2033-09-23,,15.43
PRJ-0277,May,2026-05-15,44.05,41.08,287.62,788.8,12.67,2033-07-23,,12.63
PRJ-0277,June,2026-06-15,55.07,49.42,346.02,885.26,26.44,2033-06-23,,12.39
PRJ-0277,July,2026-07-15,66.08,68.46,479.31,669.52,-4.37,2032-08-23,,2.02
PRJ-0278,Feb,2026-02-15,47.28,51.74,254.89,670.35,36.08,2034-10-08,,17.29
PRJ-0278,March,2026-03-15,72.96,71.55,352.47,637.91,29.49,2034-03-08,,10.37
PRJ-0278,April,2026-04-15,72.96,69.84,344.03,629.46,27.78,2034-02-08,,9.06
PRJ-0278,May,2026-05-15,72.96,70.81,348.82,616.63,25.17,2034-02-08,,8.78
PRJ-0278,June,2026-06-15,72.96,70.04,345.06,715.4,45.22,2035-02-08,,21.25
PRJ-0278,July,2026-07-15,72.96,70.8,348.75,486.28,-1.29,2033-08-08,,3.48
PRJ-0279,Feb,2026-02-15,5.62,5.79,52.19,1001.67,11.03,2029-11-02,,14.36
PRJ-0279,March,2026-03-15,11.23,5.52,49.82,1004.73,11.37,2030-03-02,,17.92
PRJ-0279,April,2026-04-15,16.85,18.12,163.48,979.42,8.57,2029-09-02,,12.19
PRJ-0279,May,2026-05-15,22.47,21.91,197.65,949.85,5.29,2029-09-02,,11.82
PRJ-0279,June,2026-06-15,28.09,27.29,246.22,1200.06,33.03,2030-01-02,,15.8
PRJ-0279,July,2026-07-15,33.7,41.91,378.09,840.95,-6.78,2028-12-02,,3.4
PRJ-0280,Feb,2026-02-15,18.97,21.61,184.38,1026.77,20.33,2032-03-07,,20.0
PRJ-0280,March,2026-03-15,37.94,44.86,382.83,1011.09,18.49,2031-08-07,,12.69
PRJ-0280,April,2026-04-15,56.92,58.87,502.38,1010.73,18.45,2031-04-07,,9.49
PRJ-0280,May,2026-05-15,72.33,72.35,617.41,987.0,15.67,2031-02-07,,7.1
PRJ-0280,June,2026-06-15,72.33,72.91,622.15,1151.72,34.97,2031-10-07,,15.42
PRJ-0280,July,2026-07-15,72.33,71.97,614.09,890.51,4.36,2030-11-07,,4.11
PRJ-0281,Feb,2026-02-15,9.48,10.47,490.81,7369.58,57.21,2032-04-19,,31.55
PRJ-0281,March,2026-03-15,18.95,23.82,1116.45,7259.02,54.85,2031-12-19,,28.02
PRJ-0281,April,2026-04-15,28.43,20.97,983.18,7016.93,49.69,2031-10-19,,26.18
PRJ-0281,May,2026-05-15,37.91,37.16,1742.01,6776.93,44.57,2031-04-19,,19.68
PRJ-0281,June,2026-06-15,47.38,40.6,1903.07,7937.39,69.33,2032-03-19,,30.87
PRJ-0281,July,2026-07-15,56.86,53.46,2506.12,5302.94,13.13,2030-08-19,,12.08
PRJ-0282,Feb,2026-02-15,1.39,2.6,63.15,2811.71,15.85,2030-11-17,,18.46
PRJ-0282,March,2026-03-15,2.77,6.14,149.14,2777.83,14.45,2030-06-17,,13.47
PRJ-0282,April,2026-04-15,2.62,0.0,0.0,2743.44,13.04,2030-10-17,,16.8
PRJ-0282,May,2026-05-15,5.55,3.65,88.62,2769.13,14.09,2030-10-17,,16.52
PRJ-0282,June,2026-06-15,2.14,0.0,0.0,3418.8,40.86,2031-06-17,,25.0
PRJ-0282,July,2026-07-15,1.1,0.0,0.0,2359.11,-2.8,2030-02-17,,8.93
PRJ-0283,Feb,2026-02-15,0.86,0.0,0.0,1418.85,19.05,2030-02-02,,21.12
PRJ-0283,March,2026-03-15,1.73,3.04,36.25,1429.64,19.96,2029-11-02,,17.51
PRJ-0283,April,2026-04-15,2.59,0.0,0.0,1420.85,19.22,2030-01-02,,19.68
PRJ-0283,May,2026-05-15,1.6,8.13,96.87,1427.21,19.76,2030-01-02,,20.14
PRJ-0283,June,2026-06-15,3.91,4.7,56.04,1564.01,31.23,2030-08-02,,26.74
PRJ-0283,July,2026-07-15,2.0,1.76,20.97,1263.78,6.04,2029-10-02,,16.7
PRJ-0284,Feb,2026-02-15,9.02,11.47,118.64,1255.24,21.4,2030-03-17,,19.32
PRJ-0284,March,2026-03-15,18.03,22.89,236.72,1225.01,18.48,2030-08-17,,24.35
PRJ-0284,April,2026-04-15,27.05,27.45,283.82,1232.55,19.2,2029-09-17,,12.88
PRJ-0284,May,2026-05-15,36.07,35.21,364.09,1192.81,15.36,2029-08-17,,11.98
PRJ-0284,June,2026-06-15,44.73,51.84,535.99,1457.26,40.94,2030-07-17,,23.46
PRJ-0284,July,2026-07-15,44.73,39.89,412.47,1033.95,-0.0,2029-05-17,,9.31
PRJ-0285,Feb,2026-02-15,25.18,21.85,318.96,1597.15,9.41,2030-01-28,,13.73
PRJ-0285,March,2026-03-15,50.36,52.52,766.75,1585.93,8.64,2029-06-28,,6.76
PRJ-0285,April,2026-04-15,75.53,78.55,1146.75,1550.16,6.19,2029-05-28,,5.61
PRJ-0285,May,2026-05-15,83.71,81.58,1190.87,1576.01,7.96,2029-02-28,,3.15
PRJ-0285,June,2026-06-15,83.71,77.62,1133.04,1561.91,6.99,2029-06-28,,6.91
PRJ-0285,July,2026-07-15,83.71,87.15,1272.19,1494.77,2.39,2028-12-28,,1.42
PRJ-0286,Feb,2026-02-15,21.07,27.11,118.67,440.13,0.55,2031-04-20,,10.8
PRJ-0286,March,2026-03-15,42.14,44.05,192.81,437.7,-0.0,2031-02-20,,8.9
PRJ-0286,April,2026-04-15,63.21,62.72,274.56,418.77,-4.33,2030-08-20,,2.82
PRJ-0286,May,2026-05-15,72.13,73.9,323.49,419.59,-4.14,2030-08-20,,3.16
PRJ-0286,June,2026-06-15,72.13,71.42,312.62,509.86,16.48,2031-01-20,,7.64
PRJ-0286,July,2026-07-15,72.13,73.53,321.84,385.83,-11.85,2030-05-20,,0.0
PRJ-0287,Feb,2026-02-15,5.64,9.95,96.73,1221.59,25.62,2033-10-14,,20.23
PRJ-0287,March,2026-03-15,11.28,5.83,56.67,1150.19,18.28,2033-06-14,,16.22
PRJ-0287,April,2026-04-15,16.91,14.04,136.5,1129.42,16.14,2033-05-14,,14.97
PRJ-0287,May,2026-05-15,19.01,20.95,203.74,1113.07,14.46,2033-02-14,,12.3
PRJ-0287,June,2026-06-15,19.01,18.37,178.65,1219.8,25.44,2033-08-14,,18.23
PRJ-0287,July,2026-07-15,19.01,19.94,193.9,999.49,2.78,2032-09-14,,7.46
PRJ-0288,Feb,2026-02-15,74.5,75.98,7033.8,13789.2,48.94,2027-10-25,,16.79
PRJ-0288,March,2026-03-15,86.78,83.51,7731.06,13600.48,46.9,2028-02-25,,20.56
PRJ-0288,April,2026-04-15,86.24,81.74,7567.8,13177.11,42.33,2027-10-25,,16.62
PRJ-0288,May,2026-05-15,90.04,95.12,8806.29,12846.94,38.77,2027-08-25,,14.76
PRJ-0288,June,2026-06-15,100.0,100.0,14439.3,14439.3,55.97,2026-06-16,2026-06-16,0.72
PRJ-0288,July,2026-07-15,100.0,100.0,10397.58,10397.58,12.31,2026-06-16,2026-06-16,0.72
PRJ-0289,Feb,2026-02-15,13.89,20.99,430.47,2383.19,16.22,2034-02-07,,17.82
PRJ-0289,March,2026-03-15,27.77,30.08,616.8,2293.33,11.84,2033-06-07,,10.1
PRJ-0289,April,2026-04-15,41.66,42.08,862.9,2180.87,6.35,2033-06-07,,10.13
PRJ-0289,May,2026-05-15,55.55,56.54,1159.41,2093.43,2.09,2033-02-07,,6.22
PRJ-0289,June,2026-06-15,69.43,68.25,1399.54,3708.59,80.85,2035-03-07,,31.11
PRJ-0289,July,2026-07-15,83.32,84.96,1742.3,1267.81,-38.17,2032-08-07,,0.0
PRJ-0290,Feb,2026-02-15,83.77,86.06,1040.87,1168.61,-3.38,2026-04-11,,0.0
PRJ-0290,March,2026-03-15,88.69,89.79,1085.98,1166.18,-3.58,2026-04-11,,0.0
PRJ-0290,April,2026-04-15,91.01,90.83,1098.55,1160.7,-4.03,2026-04-11,,0.0
PRJ-0290,May,2026-05-15,100.0,100.0,1143.94,1143.94,-5.42,2026-05-08,2026-05-08,0.89
PRJ-0290,June,2026-06-15,100.0,100.0,1135.41,1135.41,-6.12,2026-05-08,2026-05-08,0.89
PRJ-0290,July,2026-07-15,100.0,100.0,1107.11,1107.11,-8.46,2026-05-08,2026-05-08,0.89
PRJ-0291,Feb,2026-02-15,1.04,0.0,0.0,6674.96,23.76,2032-11-07,,19.83
PRJ-0291,March,2026-03-15,2.08,5.44,293.32,6587.83,22.15,2032-08-07,,17.49
PRJ-0291,April,2026-04-15,0.15,0.0,0.0,6419.93,19.04,2032-11-07,,19.58
PRJ-0291,May,2026-05-15,1.39,7.66,412.97,6121.17,13.5,2032-07-07,,15.72
PRJ-0291,June,2026-06-15,2.83,5.26,283.5,7358.48,36.44,2033-02-07,,22.67
PRJ-0291,July,2026-07-15,2.83,1.76,95.13,5019.95,-6.92,2031-11-07,,8.21
PRJ-0292,Feb,2026-02-15,3.67,1.64,10.9,664.42,-0.06,2033-12-07,,11.56
PRJ-0292,March,2026-03-15,7.34,7.83,52.02,654.76,-1.51,2033-12-07,,12.45
PRJ-0292,April,2026-04-15,11.0,8.57,57.0,667.25,0.37,2033-12-07,,11.72
PRJ-0292,May,2026-05-15,14.67,4.93,32.8,684.26,2.93,2034-03-07,,15.3
PRJ-0292,June,2026-06-15,18.34,21.13,140.45,689.05,3.65,2033-11-07,,10.79
PRJ-0292,July,2026-07-15,22.01,24.71,164.24,650.2,-2.19,2033-07-07,,7.46
PRJ-0293,Feb,2026-02-15,12.33,17.43,191.38,1464.27,33.33,2030-01-21,,22.02
PRJ-0293,March,2026-03-15,19.32,18.94,207.98,1427.19,29.96,2029-08-21,,17.06
PRJ-0293,April,2026-04-15,19.32,23.84,261.79,1399.53,27.44,2029-10-21,,19.22
PRJ-0293,May,2026-05-15,19.32,16.98,186.45,1330.42,21.15,2029-04-21,,13.44
PRJ-0293,June,2026-06-15,19.32,12.91,141.77,1621.75,47.67,2030-06-21,,26.94
PRJ-0293,July,2026-07-15,19.32,13.62,149.53,1111.63,1.22,2029-02-21,,10.59
PRJ-0294,Feb,2026-02-15,19.84,20.21,631.26,2636.55,-15.6,2035-07-09,,2.51
PRJ-0294,March,2026-03-15,38.75,42.24,1319.57,2505.48,-19.8,2035-04-09,,0.0
PRJ-0294,April,2026-04-15,38.75,38.69,1208.82,2505.59,-19.79,2035-04-09,,0.0
PRJ-0294,May,2026-05-15,38.75,39.92,1247.06,2446.23,-21.7,2035-04-09,,0.0
PRJ-0294,June,2026-06-15,38.75,36.86,1151.48,3250.45,4.05,2036-01-09,,9.02
PRJ-0294,July,2026-07-15,38.75,38.07,1189.39,2156.22,-30.98,2035-04-09,,0.0
PRJ-0295,Feb,2026-02-15,17.09,17.83,172.61,1025.29,5.92,2031-03-13,,15.15
PRJ-0295,March,2026-03-15,34.19,39.5,382.33,1019.26,5.3,2030-09-13,,9.03
PRJ-0295,April,2026-04-15,51.28,50.38,487.64,985.15,1.77,2030-04-13,,4.15
PRJ-0295,May,2026-05-15,68.37,66.83,646.9,982.85,1.54,2030-03-13,,2.99
PRJ-0295,June,2026-06-15,85.47,80.89,783.02,1122.85,16.0,2030-09-13,,8.88
PRJ-0295,July,2026-07-15,91.26,95.9,928.27,845.95,-12.61,2029-12-13,,0.0
PRJ-0296,Feb,2026-02-15,24.95,21.86,177.07,966.39,19.29,2034-04-04,,13.93
PRJ-0296,March,2026-03-15,49.9,48.69,394.42,963.7,18.96,2034-05-04,,14.52
PRJ-0296,April,2026-04-15,74.85,78.94,639.54,943.69,16.49,2033-12-04,,9.64
PRJ-0296,May,2026-05-15,80.7,79.2,641.64,936.76,15.63,2033-10-04,,8.25
PRJ-0296,June,2026-06-15,80.7,80.48,652.0,1068.96,31.95,2034-05-04,,14.56
PRJ-0296,July,2026-07-15,80.7,81.2,657.8,839.37,3.61,2033-09-04,,7.03
PRJ-0297,Feb,2026-02-15,21.25,25.16,272.45,1644.75,51.9,2031-05-08,,27.44
PRJ-0297,March,2026-03-15,42.51,47.85,518.15,1613.39,49.01,2031-05-08,,26.98
PRJ-0297,April,2026-04-15,63.76,66.6,721.1,1593.94,47.21,2030-12-08,,22.41
PRJ-0297,May,2026-05-15,70.14,73.06,791.04,1578.84,45.82,2030-07-08,,16.96
PRJ-0297,June,2026-06-15,70.14,74.41,805.66,1758.59,62.42,2031-02-08,,24.41
PRJ-0297,July,2026-07-15,70.14,72.16,781.37,1220.41,12.71,2029-09-08,,7.48
PRJ-0298,Feb,2026-02-15,0.7,2.32,15.72,835.82,23.33,2033-01-13,,19.06
PRJ-0298,March,2026-03-15,0.54,6.55,44.36,812.91,19.95,2033-01-13,,19.33
PRJ-0298,April,2026-04-15,2.1,2.91,19.72,773.05,14.07,2033-03-13,,20.76
PRJ-0298,May,2026-05-15,2.8,2.91,19.75,756.03,11.55,2032-09-13,,15.26
PRJ-0298,June,2026-06-15,1.46,2.24,15.15,1298.06,91.53,2035-04-13,,46.14
PRJ-0298,July,2026-07-15,1.02,6.13,41.53,547.9,-19.16,2031-11-13,,4.94
PRJ-0299,Feb,2026-02-15,2.3,6.24,19.97,371.53,16.1,2034-02-05,,21.38
PRJ-0299,March,2026-03-15,4.6,7.83,25.04,372.27,16.33,2033-10-05,,17.23
PRJ-0299,April,2026-04-15,6.91,3.89,12.46,358.55,12.04,2033-05-05,,12.49
PRJ-0299,May,2026-05-15,9.21,9.41,30.11,342.36,6.98,2033-06-05,,12.76
PRJ-0299,June,2026-06-15,11.51,11.36,36.36,425.97,33.11,2034-03-05,,21.57
PRJ-0299,July,2026-07-15,13.59,12.1,38.73,284.9,-10.97,2032-11-05,,5.89
PRJ-0300,Feb,2026-02-15,12.45,10.68,83.35,1075.19,37.81,2033-11-26,,26.84
PRJ-0300,March,2026-03-15,24.9,24.69,192.6,1018.95,30.6,2033-09-26,,24.67
PRJ-0300,April,2026-04-15,37.35,39.57,308.75,993.63,27.35,2033-02-26,,18.38
PRJ-0300,May,2026-05-15,49.8,50.96,397.56,977.29,25.26,2032-11-26,,15.25
PRJ-0300,June,2026-06-15,62.25,59.94,467.68,1357.69,74.02,2034-03-26,,31.09
PRJ-0300,July,2026-07-15,74.7,79.54,620.57,715.85,-8.25,2031-09-26,,0.76
PRJ-0301,Feb,2026-02-15,47.89,55.18,5047.82,11443.84,25.1,2033-01-12,,15.45
PRJ-0301,March,2026-03-15,77.23,76.0,6952.96,11188.19,22.3,2032-10-12,,12.42
PRJ-0301,April,2026-04-15,77.23,73.09,6686.02,11078.34,21.1,2032-07-12,,9.41
PRJ-0301,May,2026-05-15,77.23,76.71,7017.34,10612.69,16.01,2032-05-12,,7.35
PRJ-0301,June,2026-06-15,77.23,81.64,7468.52,13724.61,50.03,2033-05-12,,19.34
PRJ-0301,July,2026-07-15,77.23,72.39,6622.54,8472.34,-7.39,2031-10-12,,0.0
PRJ-0302,Feb,2026-02-15,1.82,3.5,18.63,578.58,8.56,2030-03-23,,11.17
PRJ-0302,March,2026-03-15,3.64,10.2,54.35,589.6,10.62,2030-11-23,,18.63
PRJ-0302,April,2026-04-15,5.46,6.65,35.46,570.63,7.07,2030-04-23,,11.84
PRJ-0302,May,2026-05-15,7.28,6.82,36.37,571.84,7.29,2030-08-23,,16.14
PRJ-0302,June,2026-06-15,9.1,6.24,33.24,644.54,20.93,2030-12-23,,19.64
PRJ-0302,July,2026-07-15,10.92,7.91,42.14,520.29,-2.38,2029-12-23,,8.21
PRJ-0303,Feb,2026-02-15,5.65,8.96,27.87,362.78,16.61,2037-04-06,,16.02
PRJ-0303,March,2026-03-15,11.31,15.95,49.63,354.4,13.91,2037-01-06,,13.31
PRJ-0303,April,2026-04-15,16.96,11.6,36.09,356.15,14.47,2037-02-06,,14.34
PRJ-0303,May,2026-05-15,22.61,31.36,97.57,335.51,7.84,2036-11-06,,11.02
PRJ-0303,June,2026-06-15,28.26,26.78,83.32,415.88,33.67,2037-09-06,,20.58
PRJ-0303,July,2026-07-15,31.28,30.75,95.66,287.67,-7.54,2035-12-06,,0.0
PRJ-0304,Feb,2026-02-15,15.42,14.68,1090.08,9835.4,32.44,2030-03-02,,24.31
PRJ-0304,March,2026-03-15,30.84,36.83,2734.94,9784.36,31.75,2029-09-02,,17.92
PRJ-0304,April,2026-04-15,46.26,43.65,3241.9,9666.9,30.17,2029-08-02,,17.46
PRJ-0304,May,2026-05-15,61.68,64.33,4777.32,9290.64,25.11,2029-05-02,,13.89
PRJ-0304,June,2026-06-15,77.11,80.63,5987.53,10867.96,46.35,2030-01-02,,22.43
PRJ-0304,July,2026-07-15,92.53,85.19,6326.09,7714.65,3.88,2028-06-02,,3.25
PRJ-0305,Feb,2026-02-15,15.19,10.41,138.37,1584.49,19.21,2031-11-25,,17.18
PRJ-0305,March,2026-03-15,30.39,24.14,320.84,1554.32,16.94,2031-10-25,,15.55
PRJ-0305,April,2026-04-15,45.58,44.11,586.28,1560.21,17.38,2031-07-25,,13.2
PRJ-0305,May,2026-05-15,60.78,63.19,839.84,1499.34,12.8,2031-04-25,,10.4
PRJ-0305,June,2026-06-15,71.84,70.88,942.12,1901.75,43.08,2032-01-25,,19.49
PRJ-0305,July,2026-07-15,71.84,71.99,956.83,1206.13,-9.26,2030-08-25,,1.64
PRJ-0306,Feb,2026-02-15,14.2,15.08,724.89,6591.06,37.16,2031-04-14,,23.61
PRJ-0306,March,2026-03-15,28.4,33.99,1633.19,6664.58,38.69,2031-02-14,,22.08
PRJ-0306,April,2026-04-15,42.6,43.53,2091.78,6697.59,39.38,2030-10-14,,18.05
PRJ-0306,May,2026-05-15,56.8,55.31,2657.81,6366.43,32.48,2030-10-14,,17.74
PRJ-0306,June,2026-06-15,71.0,69.81,3354.55,7485.51,55.77,2031-03-14,,22.68
PRJ-0306,July,2026-07-15,80.25,83.49,4012.15,5527.11,15.02,2030-01-14,,8.91
PRJ-0307,Feb,2026-02-15,19.89,17.99,352.36,2827.83,44.36,2037-01-11,,24.71
PRJ-0307,March,2026-03-15,39.79,37.88,741.99,2761.38,40.97,2036-08-11,,20.5
PRJ-0307,April,2026-04-15,52.35,50.06,980.59,2610.48,33.27,2036-08-11,,19.72
PRJ-0307,May,2026-05-15,52.35,49.39,967.42,2558.15,30.59,2036-07-11,,18.9
PRJ-0307,June,2026-06-15,52.35,58.03,1136.65,3724.43,90.13,2038-04-11,,40.07
PRJ-0307,July,2026-07-15,52.35,46.35,907.97,1704.43,-12.99,2035-06-11,,5.75
PRJ-0308,Feb,2026-02-15,26.73,27.86,5288.05,25282.61,33.19,2036-09-01,,20.12
PRJ-0308,March,2026-03-15,53.47,49.99,9490.1,24459.86,28.85,2036-06-01,,17.26
PRJ-0308,April,2026-04-15,80.2,77.97,14801.35,24165.01,27.3,2036-02-01,,13.04
PRJ-0308,May,2026-05-15,91.96,91.99,17462.64,22386.74,17.93,2035-05-01,,4.19
PRJ-0308,June,2026-06-15,91.96,88.84,16863.49,28970.99,52.62,2036-04-01,,15.1
PRJ-0308,July,2026-07-15,91.96,93.43,17735.69,16790.85,-11.55,2035-01-01,,0.0
PRJ-0309,Feb,2026-02-15,18.33,16.94,161.08,1030.23,8.37,2034-03-11,,11.35
PRJ-0309,March,2026-03-15,36.65,36.84,350.2,1001.74,5.37,2034-04-11,,11.66
PRJ-0309,April,2026-04-15,54.98,60.61,576.2,938.2,-1.32,2033-09-11,,5.49
PRJ-0309,May,2026-05-15,73.31,73.84,701.95,918.05,-3.43,2033-05-11,,0.99
PRJ-0309,June,2026-06-15,85.57,83.8,796.72,1138.68,19.77,2034-03-11,,10.57
PRJ-0309,July,2026-07-15,85.57,79.59,756.64,729.24,-23.29,2033-04-11,,0.0
PRJ-0310,Feb,2026-02-15,0.87,0.0,0.0,1469.5,19.99,2031-03-25,,21.93
PRJ-0310,March,2026-03-15,1.74,3.15,38.52,1495.41,22.11,2031-01-25,,19.86
PRJ-0310,April,2026-04-15,2.62,7.46,91.36,1491.53,21.79,2031-03-25,,21.63
PRJ-0310,May,2026-05-15,3.49,2.09,25.59,1459.81,19.2,2031-01-25,,19.84
PRJ-0310,June,2026-06-15,3.71,2.95,36.13,1653.92,35.05,2031-04-25,,23.12
PRJ-0310,July,2026-07-15,3.87,10.52,128.86,1338.04,9.26,2030-06-25,,13.28
PRJ-0311,Feb,2026-02-15,20.04,19.69,251.01,1672.4,31.19,2034-07-26,,18.0
PRJ-0311,March,2026-03-15,39.93,33.97,433.09,1633.68,28.15,2034-08-26,,18.56
PRJ-0311,April,2026-04-15,39.93,38.82,494.89,1598.8,25.41,2034-05-26,,15.9
PRJ-0311,May,2026-05-15,39.93,35.39,451.1,1513.01,18.68,2034-03-26,,14.16
PRJ-0311,June,2026-06-15,39.93,32.8,418.13,1994.04,56.42,2035-05-26,,28.32
PRJ-0311,July,2026-07-15,39.93,39.46,503.02,1085.74,-14.83,2033-01-26,,0.0
PRJ-0312,Feb,2026-02-15,2.62,0.32,1.14,477.22,34.92,2033-11-28,,25.51
PRJ-0312,March,2026-03-15,5.25,9.66,34.16,482.9,36.52,2033-09-28,,23.85
PRJ-0312,April,2026-04-15,7.87,9.43,33.37,454.88,28.6,2033-09-28,,24.01
PRJ-0312,May,2026-05-15,10.49,12.35,43.67,466.91,32.0,2033-05-28,,19.56
PRJ-0312,June,2026-06-15,13.12,20.85,73.76,501.14,41.68,2033-07-28,,22.18
PRJ-0312,July,2026-07-15,15.74,19.51,69.02,405.99,14.78,2032-11-28,,14.42
PRJ-0313,Feb,2026-02-15,36.35,34.27,430.24,1394.82,11.1,2030-06-21,,10.5
PRJ-0313,March,2026-03-15,72.71,78.56,986.23,1381.04,10.01,2029-11-21,,3.02
PRJ-0313,April,2026-04-15,86.77,86.28,1083.24,1338.6,6.62,2029-10-21,,1.84
PRJ-0313,May,2026-05-15,86.77,81.37,1021.55,1305.76,4.01,2029-10-21,,2.06
PRJ-0313,June,2026-06-15,86.77,84.77,1064.22,2003.48,59.58,2031-06-21,,22.3
PRJ-0313,July,2026-07-15,86.77,93.06,1168.32,924.27,-26.38,2029-08-21,,0.0
PRJ-0314,Feb,2026-02-15,85.71,82.26,1446.22,2553.76,45.25,2028-02-28,,21.77
PRJ-0314,March,2026-03-15,94.78,89.07,1566.06,2489.16,41.58,2027-08-28,,16.31
PRJ-0314,April,2026-04-15,100.0,100.0,2510.19,2510.19,42.77,2026-04-27,2026-04-27,0.0
PRJ-0314,May,2026-05-15,100.0,100.0,2413.46,2413.46,37.27,2026-04-27,2026-04-27,0.0
PRJ-0314,June,2026-06-15,100.0,100.0,3272.29,3272.29,86.12,2026-04-27,2026-04-27,0.0
PRJ-0314,July,2026-07-15,100.0,100.0,1785.01,1785.01,1.53,2026-04-27,2026-04-27,0.0
PRJ-0315,Feb,2026-02-15,27.08,26.22,398.66,1965.54,29.26,2033-05-14,,16.8
PRJ-0315,March,2026-03-15,54.16,56.61,860.82,1881.4,23.73,2033-04-14,,15.59
PRJ-0315,April,2026-04-15,81.24,76.56,1164.22,1790.87,17.78,2032-10-14,,9.85
PRJ-0315,May,2026-05-15,97.74,95.81,1456.84,1698.65,11.71,2032-04-14,,3.78
PRJ-0315,June,2026-06-15,97.74,99.5,1512.98,2875.0,89.07,2034-05-14,,28.61
PRJ-0315,July,2026-07-15,97.74,96.42,1466.21,1042.07,-31.47,2031-12-14,,0.0
PRJ-0316,Feb,2026-02-15,1.26,6.46,110.81,2255.54,31.4,2037-11-11,,24.75
PRJ-0316,March,2026-03-15,2.52,5.97,102.55,2125.61,23.83,2037-07-11,,21.06
PRJ-0316,April,2026-04-15,3.46,0.0,0.0,2045.92,19.19,2037-06-11,,20.38
PRJ-0316,May,2026-05-15,0.86,0.0,0.0,2027.02,18.09,2037-04-11,,17.81
PRJ-0316,June,2026-06-15,1.84,1.51,25.92,2421.0,41.04,2037-09-11,,23.04
PRJ-0316,July,2026-07-15,3.26,7.28,124.91,1689.34,-1.58,2036-08-11,,10.38
PRJ-0317,Feb,2026-02-15,7.13,7.36,35.6,671.34,38.88,2032-12-07,,25.17
PRJ-0317,March,2026-03-15,14.26,11.87,57.37,620.78,28.42,2032-08-07,,21.16
PRJ-0317,April,2026-04-15,21.38,12.77,61.71,612.72,26.75,2032-06-07,,19.21
PRJ-0317,May,2026-05-15,28.51,33.65,162.64,589.93,22.04,2032-02-07,,14.98
PRJ-0317,June,2026-06-15,35.64,31.65,153.0,879.9,82.03,2033-09-07,,34.24
PRJ-0317,July,2026-07-15,42.77,31.9,154.2,353.73,-26.82,2030-11-07,,0.0
